time/fps,rollout/ep_rew_mean,time/iterations,rollout/ep_len_mean,time/time_elapsed,time/total_timesteps,train/learning_rate,train/loss,train/explained_variance,train/policy_gradient_loss,train/value_loss,train/clip_fraction,train/n_updates,train/entropy_loss,train/approx_kl,train/std,train/clip_range
3422,192.88138657017703,1,71.97,0,1574912,,,,,,,,,,,
3272,79.60971451262175,2,28.72,1,1576960,0.0001,4679.50244140625,0.014105498790740967,0.021952978149056435,8958.0318359375,0.2109375,1794,32.096920013427734,0.01743013,0.07999999076128006,0.2
3307,79.46864323474166,3,28.67,1,1579008,0.0001,4538.162109375,0.013991475105285645,0.007744222786277533,8967.590576171875,0.215234375,1796,32.096920013427734,0.028594451,0.07999999076128006,0.2
3261,79.37213365268337,4,28.64,2,1581056,0.0001,3351.04736328125,0.01756298542022705,-0.019992652954533695,7850.2328125,0.2220703125,1801,32.096920013427734,0.016403928,0.07999999076128006,0.2
3187,79.29081699922321,5,28.61,3,1583104,0.0001,1860.9827880859375,0.2204803228378296,-0.014133294473867863,5665.982684326172,0.06201171875,1806,32.096920013427734,0.009928128,0.07999999076128006,0.2
3202,79.34108107086145,6,28.62,3,1585152,0.0001,679.3151245117188,0.650503396987915,-0.013674789783544838,3163.638302612305,0.053125,1811,32.096920013427734,0.009870033,0.07999999076128006,0.2
3204,79.37166166221736,7,28.63,4,1587200,0.0001,206.62106323242188,0.8228315711021423,-0.01432111404137686,1138.1585975646972,0.0791015625,1816,32.096920013427734,0.011610966,0.07999999076128006,0.2
3203,79.41060898531822,8,28.65,5,1589248,0.0001,80.57077026367188,0.8311727643013,-0.012692918733227998,366.946072769165,0.19560546875,1821,32.096920013427734,0.024644086,0.07999999076128006,0.2
3224,79.38706213157134,9,28.64,5,1591296,0.0001,144.59066772460938,0.7760034799575806,0.006888137198984623,304.08113861083984,0.23193359375,1822,32.096920013427734,0.016128412,0.07999999076128006,0.2
3227,79.66016436617755,10,28.73,6,1593344,0.0001,60.265647888183594,0.8113081455230713,-0.01200987320044078,177.92018961906433,0.1912841796875,1826,32.096920013427734,0.02070191,0.07999999076128006,0.2
3240,79.62209204113907,11,28.72,6,1595392,0.0001,32.34874725341797,0.8369658589363098,0.0038360478233938154,86.30661251670436,0.2660361842105263,1829,32.096920013427734,0.026986891,0.07999999076128006,0.2
3257,79.46347535079856,12,28.67,7,1597440,0.0001,18.836341857910156,0.8684355616569519,0.009668477391824127,49.590092468261716,0.1890625,1830,32.096920013427734,0.014137184,0.07999999076128006,0.2
3270,79.94690754887093,13,28.83,8,1599488,0.0001,17.814985275268555,0.8849763870239258,0.015490355715155602,46.54529495239258,0.24140625,1831,32.096920013427734,0.018043969,0.07999999076128006,0.2
3283,79.84487636022413,14,28.8,8,1601536,0.0001,23.9680233001709,0.8914150595664978,0.011908250550429026,40.683417002360024,0.20703125,1832,32.096920013427734,0.017287161,0.07999999076128006,0.2
3297,80.4109531683187,15,28.99,9,1603584,0.0001,26.87531089782715,0.8987730145454407,0.01221776008605957,44.271310806274414,0.248046875,1833,32.096920013427734,0.019132394,0.07999999076128006,0.2
3308,80.57920620801251,16,29.05,9,1605632,0.0001,14.299848556518555,0.9101568460464478,0.0020889006555080414,37.954263051350914,0.19401041666666666,1834,32.096920013427734,0.014074154,0.07999999076128006,0.2
3318,81.0125938772514,17,29.2,10,1607680,0.0001,15.778043746948242,0.9195058941841125,0.006050211726687849,30.71528959274292,0.2353515625,1835,32.096920013427734,0.024203297,0.07999999076128006,0.2
3327,82.05486231435951,18,29.56,11,1609728,0.0001,13.807379722595215,0.9285361766815186,0.012440467563768228,30.605136235555012,0.26171875,1836,32.096920013427734,0.020075308,0.07999999076128006,0.2
3334,82.88550764704249,19,29.84,11,1611776,0.0001,12.348572731018066,0.9415556788444519,0.01451429600516955,28.63071123758952,0.2565104166666667,1837,32.096920013427734,0.022935057,0.07999999076128006,0.2
3342,83.1908414156039,20,29.94,12,1613824,0.0001,12.844598770141602,0.9441887736320496,0.007940053939819336,24.35361671447754,0.201171875,1838,32.096920013427734,0.015579454,0.07999999076128006,0.2
3348,83.49954072595918,21,30.04,12,1615872,0.0001,13.621768951416016,0.9474124908447266,0.010143522173166275,26.342616081237793,0.224609375,1839,32.096920013427734,0.017680384,0.07999999076128006,0.2
3353,84.200082410015,22,30.28,13,1617920,0.0001,14.638561248779297,0.946485698223114,0.025722075253725052,26.993144035339355,0.26953125,1840,32.096920013427734,0.027121443,0.07999999076128006,0.2
3359,84.7278489908683,23,30.47,14,1619968,0.0001,11.944331169128418,0.9554986953735352,0.014250067062675953,19.23682689666748,0.228515625,1841,32.096920013427734,0.025998378,0.07999999076128006,0.2
3363,85.11896919318112,24,30.61,14,1622016,0.0001,10.389150619506836,0.9588133096694946,0.039334557950496674,19.46250057220459,0.302734375,1842,32.096920013427734,0.044242445,0.07999999076128006,0.2
3367,86.31555630182025,25,31.02,15,1624064,0.0001,8.762280464172363,0.9604600071907043,0.022798312827944756,17.721171379089355,0.302734375,1843,32.096920013427734,0.04137633,0.07999999076128006,0.2
3372,87.03831522239174,26,31.28,15,1626112,0.0001,10.60942554473877,0.96389240026474,0.028028886765241623,19.456405639648438,0.23828125,1844,32.096920013427734,0.022473669,0.07999999076128006,0.2
3374,87.85417026411375,27,31.59,16,1628160,0.0001,8.209647178649902,0.964749276638031,0.02777704782783985,16.54284906387329,0.298828125,1845,32.096920013427734,0.04022129,0.07999999076128006,0.2
3374,88.59733249290704,28,31.86,16,1630208,0.0001,8.920042991638184,0.9644244313240051,0.03641525004059076,18.87228012084961,0.33203125,1846,32.096920013427734,0.05240776,0.07999999076128006,0.2
3377,89.34906830117048,29,32.13,17,1632256,0.0001,9.92142391204834,0.9653096199035645,0.04894825257360935,19.169368743896484,0.341796875,1847,32.096920013427734,0.056592274,0.07999999076128006,0.2
3381,90.79507360249634,30,32.65,18,1634304,0.0001,8.755022048950195,0.9636342525482178,0.0290993545204401,19.36121940612793,0.369140625,1848,32.096920013427734,0.06839667,0.07999999076128006,0.2
3385,92.80595995450693,31,33.37,18,1636352,0.0001,9.046987533569336,0.9654963612556458,0.057043833658099174,18.755258560180664,0.337890625,1849,32.096920013427734,0.07737794,0.07999999076128006,0.2
3389,93.75163524533151,32,33.72,19,1638400,0.0001,10.374526023864746,0.9630086421966553,0.02424348797649145,21.862411499023438,0.357421875,1850,32.096920013427734,0.0646764,0.07999999076128006,0.2
3393,95.10032335474702,33,34.21,19,1640448,0.0001,10.469671249389648,0.9638151526451111,0.0370969083160162,22.56698226928711,0.365234375,1851,32.096920013427734,0.08121769,0.07999999076128006,0.2
3397,96.1637427676942,34,34.61,20,1642496,0.0001,11.713258743286133,0.9647694230079651,0.04900903534144163,23.358592987060547,0.32421875,1852,32.096920013427734,0.06281715,0.07999999076128006,0.2
3401,96.89186494288717,35,34.9,21,1644544,0.0001,11.687097549438477,0.960627555847168,0.01477139350026846,23.1105375289917,0.294921875,1853,32.096920013427734,0.047217228,0.07999999076128006,0.2
3405,97.83199502200287,36,35.28,21,1646592,0.0001,13.192586898803711,0.9586558938026428,0.013308104127645493,27.10010814666748,0.31640625,1854,32.096920013427734,0.042673342,0.07999999076128006,0.2
3408,98.68300907841349,37,35.62,22,1648640,0.0001,13.497749328613281,0.957061231136322,0.02496731490828097,28.03782558441162,0.30078125,1855,32.096920013427734,0.04243888,0.07999999076128006,0.2
3411,99.69301830348175,38,36.02,22,1650688,0.0001,16.33434295654297,0.9545212984085083,0.03881745086982846,31.741429328918457,0.306640625,1856,32.096920013427734,0.043184303,0.07999999076128006,0.2
3414,100.64074069410992,39,36.4,23,1652736,0.0001,16.65669822692871,0.9590586423873901,0.028328299522399902,31.5641450881958,0.2890625,1857,32.096920013427734,0.032600872,0.07999999076128006,0.2
3417,101.40279352042481,40,36.72,23,1654784,0.0001,16.03656005859375,0.9568672776222229,0.042912863194942474,31.330626487731934,0.30078125,1858,32.096920013427734,0.042476017,0.07999999076128006,0.2
3420,102.11967024645635,41,37.04,24,1656832,0.0001,16.151704788208008,0.9492631554603577,0.029263300821185112,32.24295234680176,0.3125,1859,32.096920013427734,0.04079508,0.07999999076128006,0.2
3422,102.88407009816409,42,37.39,25,1658880,0.0001,20.031606674194336,0.9491673111915588,0.042631933465600014,41.94185829162598,0.318359375,1860,32.096920013427734,0.037428465,0.07999999076128006,0.2
3424,103.7348563879927,43,37.77,25,1660928,0.0001,21.498428344726562,0.9508001804351807,0.024442887865006924,45.05373001098633,0.279296875,1861,32.096920013427734,0.03055695,0.07999999076128006,0.2
3427,104.5557825526611,44,38.11,26,1662976,0.0001,22.25006866455078,0.9445817470550537,0.010045543313026428,43.842620849609375,0.208984375,1862,32.096920013427734,0.018100519,0.07999999076128006,0.2
3429,105.05270610961459,45,38.35,26,1665024,0.0001,25.0219669342041,0.9397717714309692,0.016159552615135908,55.26382637023926,0.2421875,1863,32.096920013427734,0.021652728,0.07999999076128006,0.2
3431,105.45041584553248,46,38.57,27,1667072,0.0001,27.26949691772461,0.9424046277999878,0.027422089129686356,48.764583587646484,0.28125,1864,32.096920013427734,0.0319893,0.07999999076128006,0.2
3432,106.05481268994448,47,38.89,28,1669120,0.0001,27.074731826782227,0.9286127090454102,0.01694911066442728,56.26555061340332,0.27734375,1865,32.096920013427734,0.027202502,0.07999999076128006,0.2
3433,106.41192468077004,48,39.12,28,1671168,0.0001,37.185638427734375,0.9189350008964539,0.015529417665675282,78.60461807250977,0.2109375,1866,32.096920013427734,0.017799534,0.07999999076128006,0.2
3435,106.73994275485079,49,39.29,29,1673216,0.0001,28.82416343688965,0.9257655143737793,0.014201291371136904,66.44570922851562,0.203125,1867,32.096920013427734,0.015030686,0.07999999076128006,0.2
3437,107.45914996957012,50,39.61,29,1675264,0.0001,31.28791046142578,0.9183989763259888,0.020720097236335278,67.60308329264323,0.2877604166666667,1868,32.096920013427734,0.031002423,0.07999999076128006,0.2
3439,107.81659674336711,51,39.82,30,1677312,0.0001,40.820491790771484,0.917134702205658,0.008198792425294718,86.34269714355469,0.20572916666666666,1869,32.096920013427734,0.015943678,0.07999999076128006,0.2
3439,107.96090279139656,52,39.94,30,1679360,0.0001,40.26578140258789,0.9086893200874329,0.0036226448913415274,70.09276835123698,0.17317708333333334,1870,32.096920013427734,0.013221183,0.07999999076128006,0.2
3438,107.98439776092633,53,40.03,31,1681408,0.0001,42.84286880493164,0.8912630677223206,0.004241303540766239,101.54233741760254,0.203125,1871,32.096920013427734,0.016376436,0.07999999076128006,0.2
3439,108.12257450594167,54,40.13,32,1683456,0.0001,44.12806701660156,0.9079871773719788,0.004366232547909021,95.94249534606934,0.201171875,1872,32.096920013427734,0.01701354,0.07999999076128006,0.2
3438,108.0087653864394,55,40.09,32,1685504,0.0001,32.49559020996094,0.88355553150177,0.0087941350415349,83.17226867675781,0.20703125,1873,32.096920013427734,0.015481683,0.07999999076128006,0.2
3438,107.96082709528783,56,40.04,33,1687552,0.0001,31.973350524902344,0.9084693789482117,0.007855588011443615,78.24687957763672,0.18046875,1874,32.096920013427734,0.013533125,0.07999999076128006,0.2
3439,108.32443654616898,57,40.12,33,1689600,0.0001,24.377288818359375,0.923745334148407,-0.0023935741434494653,51.70130284627279,0.19791666666666666,1875,32.096920013427734,0.0155028375,0.07999999076128006,0.2
3440,109.05522826390492,58,40.36,34,1691648,0.0001,28.628704071044922,0.9208932518959045,0.023100243881344795,58.82749048868815,0.2708333333333333,1876,32.096920013427734,0.025398508,0.07999999076128006,0.2
3441,109.33459365627539,59,40.45,35,1693696,0.0001,23.85297203063965,0.9401041865348816,0.012279567619164785,50.19661204020182,0.22916666666666666,1877,32.096920013427734,0.01813674,0.07999999076128006,0.2
3442,109.44193936804446,60,40.47,35,1695744,0.0001,23.86985206604004,0.9264156222343445,0.015880897641181946,49.31512705485026,0.2734375,1878,32.096920013427734,0.025231913,0.07999999076128006,0.2
3442,109.92927662756969,61,40.64,36,1697792,0.0001,25.02886390686035,0.9461054801940918,0.010074637830257416,47.88799158732096,0.2721354166666667,1879,32.096920013427734,0.02728934,0.07999999076128006,0.2
3443,110.63624100610464,62,40.89,36,1699840,0.0001,24.316829681396484,0.9326087832450867,0.026335404564936955,43.78399149576823,0.2578125,1880,32.096920013427734,0.0244688,0.07999999076128006,0.2
3443,110.6974721207066,63,40.88,37,1701888,0.0001,24.5504093170166,0.9384199976921082,0.024209647128979366,49.230525970458984,0.3294270833333333,1881,32.096920013427734,0.036569964,0.07999999076128006,0.2
3444,110.90112671613645,64,40.94,38,1703936,0.0001,18.476104736328125,0.9474284052848816,0.016503861484428246,37.48378880818685,0.2916666666666667,1882,32.096920013427734,0.031204298,0.07999999076128006,0.2
3444,111.57220163425798,65,41.14,38,1705984,0.0001,23.39129066467285,0.941844642162323,0.011215091372529665,44.471638997395836,0.24609375,1883,32.096920013427734,0.020994922,0.07999999076128006,0.2
3445,111.99176999748694,66,41.25,39,1708032,0.0001,22.828222274780273,0.9424504041671753,0.003934108031292756,45.30294418334961,0.2265625,1884,32.096920013427734,0.016939545,0.07999999076128006,0.2
3445,112.48593045508233,67,41.43,39,1710080,0.0001,22.86807632446289,0.9388289451599121,0.011029064965744814,46.22450637817383,0.2265625,1885,32.096920013427734,0.017392157,0.07999999076128006,0.2
3446,112.890839412797,68,41.59,40,1712128,0.0001,23.372570037841797,0.9479964375495911,0.0164843803892533,44.6990598042806,0.29296875,1886,32.096920013427734,0.026262492,0.07999999076128006,0.2
3447,113.40387447677675,69,41.77,40,1714176,0.0001,22.848806381225586,0.9382005929946899,0.004535016293327014,46.120086669921875,0.22786458333333334,1887,32.096920013427734,0.019844862,0.07999999076128006,0.2
3447,113.64769742791714,70,41.84,41,1716224,0.0001,21.43572425842285,0.9511875510215759,0.008276560809463263,44.93583297729492,0.24869791666666666,1888,32.096920013427734,0.024817474,0.07999999076128006,0.2
3447,114.16410446184409,71,42.05,42,1718272,0.0001,19.642866134643555,0.9433955550193787,0.019849599649508793,38.769046783447266,0.3098958333333333,1889,32.096920013427734,0.032683857,0.07999999076128006,0.2
3448,114.32829667981527,72,42.15,42,1720320,0.0001,20.970422744750977,0.9528632760047913,0.024941020955642063,49.28082275390625,0.27734375,1890,32.096920013427734,0.024774043,0.07999999076128006,0.2
3449,114.80568972390023,73,42.33,43,1722368,0.0001,20.898998260498047,0.945864200592041,0.025964453505973022,38.66902542114258,0.2526041666666667,1891,32.096920013427734,0.01908683,0.07999999076128006,0.2
3450,115.32469596570705,74,42.52,43,1724416,0.0001,23.409196853637695,0.9542027711868286,0.022828008979558945,43.666725158691406,0.31640625,1892,32.096920013427734,0.032913428,0.07999999076128006,0.2
3450,115.96799240984315,75,42.79,44,1726464,0.0001,16.91068458557129,0.9466722011566162,0.013174432019392649,40.98609924316406,0.2591145833333333,1893,32.096920013427734,0.022990307,0.07999999076128006,0.2
3452,116.4542748291357,76,43.0,45,1728512,0.0001,21.149316787719727,0.9532034397125244,0.01776500736984114,44.058877309163414,0.2669270833333333,1894,32.096920013427734,0.022322869,0.07999999076128006,0.2
3452,116.94703932348457,77,43.27,45,1730560,0.0001,19.13936424255371,0.9467020034790039,0.014091948047280312,41.02042007446289,0.23958333333333334,1895,32.096920013427734,0.017914576,0.07999999076128006,0.2
3453,117.27529272089816,78,43.4,46,1732608,0.0001,23.43682861328125,0.955194354057312,0.009497023187577724,44.04467010498047,0.26953125,1896,32.096920013427734,0.023298362,0.07999999076128006,0.2
3453,117.63597293139789,79,43.52,46,1734656,0.0001,17.587106704711914,0.9478105306625366,0.015648006228730083,40.011688232421875,0.2392578125,1897,32.096920013427734,0.018784482,0.07999999076128006,0.2
3454,117.56217678338403,80,43.5,47,1736704,0.0001,19.869314193725586,0.9599015712738037,0.018722380278632045,42.57229137420654,0.275390625,1898,32.096920013427734,0.02329626,0.07999999076128006,0.2
3455,117.40514887621451,81,43.39,48,1738752,0.0001,17.57682228088379,0.9535814523696899,0.01795452864219745,33.156564712524414,0.2265625,1899,32.096920013427734,0.018005991,0.07999999076128006,0.2
3454,117.64737149257792,82,43.42,48,1740800,0.0001,14.85634708404541,0.9672719240188599,0.011933502120276293,31.207104365030926,0.25,1900,32.096920013427734,0.020118041,0.07999999076128006,0.2
3455,118.13775742812733,83,43.54,49,1742848,0.0001,15.353656768798828,0.9621756076812744,0.03210856470589837,29.093599955240887,0.2877604166666667,1901,32.096920013427734,0.02876231,0.07999999076128006,0.2
3455,118.26038074362545,84,43.54,49,1744896,0.0001,14.010481834411621,0.9698154926300049,0.02797177468892187,25.51195526123047,0.23828125,1902,32.096920013427734,0.025939131,0.07999999076128006,0.2
3456,117.85530494584096,85,43.36,50,1746944,0.0001,14.456411361694336,0.9670559763908386,0.01495356671512127,28.04379177093506,0.283203125,1903,32.096920013427734,0.029649679,0.07999999076128006,0.2
3457,117.55176912100652,86,43.2,50,1748992,0.0001,10.59482192993164,0.9708643555641174,0.016118313185870647,23.56565570831299,0.283203125,1904,32.096920013427734,0.030914718,0.07999999076128006,0.2
3458,117.44708997242884,87,43.13,51,1751040,0.0001,15.174185752868652,0.9655810594558716,0.025475826114416122,28.943622589111328,0.267578125,1905,32.096920013427734,0.024654305,0.07999999076128006,0.2
3458,117.77207715683451,88,43.27,52,1753088,0.0001,11.163213729858398,0.9678992033004761,0.021876929327845573,27.11199378967285,0.23046875,1906,32.096920013427734,0.020163964,0.07999999076128006,0.2
3459,117.5861248943692,89,43.18,52,1755136,0.0001,13.734619140625,0.9659510254859924,0.00037504732608795166,28.039112091064453,0.25,1907,32.096920013427734,0.0255887,0.07999999076128006,0.2
3459,117.43495769274585,90,43.1,53,1757184,0.0001,15.023981094360352,0.9649043083190918,0.019609381444752216,31.007078170776367,0.23828125,1908,32.096920013427734,0.02148619,0.07999999076128006,0.2
3460,117.97020183140934,91,43.3,53,1759232,0.0001,11.066658020019531,0.9681733846664429,0.01488206535577774,24.93427276611328,0.244140625,1909,32.096920013427734,0.029833067,0.07999999076128006,0.2
3460,118.24660426446461,92,43.38,54,1761280,0.0001,14.394997596740723,0.9632911086082458,0.003091342281550169,29.22869873046875,0.216796875,1910,32.096920013427734,0.019542754,0.07999999076128006,0.2
3461,117.95344790571691,93,43.26,55,1763328,0.0001,16.200740814208984,0.9663040041923523,0.02202914748340845,32.228270530700684,0.232421875,1911,32.096920013427734,0.025283087,0.07999999076128006,0.2
3461,117.46623053775232,94,43.1,55,1765376,0.0001,18.509876251220703,0.96356600522995,0.013858812861144543,33.149041175842285,0.263671875,1912,32.096920013427734,0.026025238,0.07999999076128006,0.2
3462,117.45592623863662,95,43.1,56,1767424,0.0001,12.722824096679688,0.9669778347015381,0.01863362081348896,26.169397354125977,0.236328125,1913,32.096920013427734,0.02143039,0.07999999076128006,0.2
3462,117.68488244072996,96,43.18,56,1769472,0.0001,14.69864559173584,0.9648974537849426,0.024575015529990196,29.624935150146484,0.20703125,1914,32.096920013427734,0.02121462,0.07999999076128006,0.2
3462,117.58867871408187,97,43.17,57,1771520,0.0001,15.400219917297363,0.9702523946762085,0.022793103009462357,29.942020416259766,0.234375,1915,32.096920013427734,0.019887071,0.07999999076128006,0.2
3462,117.36653061988686,98,43.12,57,1773568,0.0001,13.569707870483398,0.9664013385772705,0.02800893527455628,26.03192710876465,0.34765625,1916,32.096920013427734,0.046805825,0.07999999076128006,0.2
3463,117.23427541644438,99,43.09,58,1775616,0.0001,16.347789764404297,0.9703817367553711,0.02596501198907693,30.957610448201496,0.3046875,1917,32.096920013427734,0.029437443,0.07999999076128006,0.2
3463,116.74412652514762,100,42.96,59,1777664,0.0001,11.38000774383545,0.9703813791275024,0.013038560127218565,23.093117396036785,0.2591145833333333,1918,32.096920013427734,0.020278255,0.07999999076128006,0.2
3463,116.6736184723274,101,42.93,59,1779712,0.0001,12.073875427246094,0.973473310470581,0.0038345747937758765,24.882017771402996,0.21223958333333334,1919,32.096920013427734,0.018598592,0.07999999076128006,0.2
3463,116.8592612372224,102,43.0,60,1781760,0.0001,10.370526313781738,0.9729788303375244,0.023727610086401302,20.255083719889324,0.3125,1920,32.096920013427734,0.028703703,0.07999999076128006,0.2
3464,117.26376110571925,103,43.19,60,1783808,0.0001,11.080181121826172,0.976128101348877,0.004748465493321419,24.12682819366455,0.224609375,1921,32.096920013427734,0.020302588,0.07999999076128006,0.2
3464,117.61686113871846,104,43.38,61,1785856,0.0001,9.473712921142578,0.9727947115898132,0.012425548397004604,19.71391487121582,0.267578125,1922,32.096920013427734,0.030187298,0.07999999076128006,0.2
3464,117.8455005831207,105,43.51,62,1787904,0.0001,10.077492713928223,0.977556049823761,0.033181268721818924,22.6640043258667,0.287109375,1923,32.096920013427734,0.04853442,0.07999999076128006,0.2
3465,118.13193320243583,106,43.68,62,1789952,0.0001,10.165867805480957,0.9730638265609741,0.02706765942275524,21.991189002990723,0.23828125,1924,32.096920013427734,0.029090809,0.07999999076128006,0.2
3465,118.46497705144995,107,43.84,63,1792000,0.0001,9.667997360229492,0.978411078453064,0.013938926276750863,19.486570358276367,0.236328125,1925,32.096920013427734,0.02746975,0.07999999076128006,0.2
3466,118.6390090494609,108,43.98,63,1794048,0.0001,10.768945693969727,0.9750096797943115,0.008699157740920782,21.863187789916992,0.265625,1926,32.096920013427734,0.030302025,0.07999999076128006,0.2
3466,119.58314020557894,109,44.33,64,1796096,0.0001,10.192338943481445,0.9775557518005371,0.016887557692825794,20.036640167236328,0.212890625,1927,32.096920013427734,0.017953208,0.07999999076128006,0.2
3467,120.2910324200004,110,44.57,64,1798144,0.0001,12.579218864440918,0.9732279181480408,0.012231565080583096,23.81575107574463,0.244140625,1928,32.096920013427734,0.019526964,0.07999999076128006,0.2
3466,121.37997132166133,111,44.95,65,1800192,0.0001,11.082939147949219,0.9752441048622131,0.022528106346726418,20.581650733947754,0.251953125,1929,32.096920013427734,0.02285038,0.07999999076128006,0.2
3467,122.14408930697351,112,45.24,66,1802240,0.0001,16.510175704956055,0.9717826247215271,0.030252531170845032,28.977314949035645,0.2578125,1930,32.096920013427734,0.040239252,0.07999999076128006,0.2
3467,122.43212067109341,113,45.42,66,1804288,0.0001,11.398120880126953,0.9713919758796692,0.02059804240707308,25.71900463104248,0.283203125,1931,32.096920013427734,0.038804688,0.07999999076128006,0.2
3468,122.53280362962155,114,45.52,67,1806336,0.0001,17.325395584106445,0.9697518944740295,0.02689362410455942,31.714611053466797,0.263671875,1932,32.096920013427734,0.033704348,0.07999999076128006,0.2
3468,122.6575499901239,115,45.66,67,1808384,0.0001,15.452220916748047,0.9645566344261169,0.009406919125467539,32.146833419799805,0.263671875,1933,32.096920013427734,0.03118048,0.07999999076128006,0.2
3469,123.97931051402878,116,46.22,68,1810432,0.0001,17.178552627563477,0.9671534895896912,0.02235301397740841,30.144193649291992,0.248046875,1934,32.096920013427734,0.03037747,0.07999999076128006,0.2
3470,125.2136667184187,117,46.7,69,1812480,0.0001,18.600645065307617,0.9609244465827942,0.031399836763739586,36.91318321228027,0.26171875,1935,32.096920013427734,0.040532142,0.07999999076128006,0.2
3470,126.59091370963473,118,47.23,69,1814528,0.0001,19.8000545501709,0.9577245116233826,0.023861012887209654,34.69365215301514,0.259765625,1936,32.096920013427734,0.038162548,0.07999999076128006,0.2
3471,126.28268980005123,119,47.18,70,1816576,0.0001,21.75946617126465,0.9614640474319458,0.010636146180331707,39.30672264099121,0.220703125,1937,32.096920013427734,0.01920582,0.07999999076128006,0.2
3472,126.38689066779021,120,47.26,70,1818624,0.0001,33.02285385131836,0.9097822308540344,0.01906961388885975,86.54548645019531,0.20703125,1938,32.096920013427734,0.015827408,0.07999999076128006,0.2
3472,121.07640716675007,121,45.33,71,1820672,0.0001,31.131938934326172,0.9265193343162537,0.004019696265459061,68.81141090393066,0.19921875,1939,32.096920013427734,0.015425901,0.07999999076128006,0.2
3473,118.34737981439079,122,44.37,71,1822720,0.0001,93.34574127197266,0.8352519869804382,0.009555534149209658,124.85391743977864,0.3046875,1940,32.096920013427734,0.038350333,0.07999999076128006,0.2
3473,117.8665619006845,123,44.3,72,1824768,0.0001,78.38038635253906,0.8242195844650269,0.01254181501766046,227.37957763671875,0.22135416666666666,1941,32.096920013427734,0.021132305,0.07999999076128006,0.2
3473,106.45392609101795,124,40.11,73,1826816,0.0001,55.17330551147461,0.8086980581283569,0.0076139867305755615,156.72194163004556,0.19921875,1942,32.096920013427734,0.014179115,0.07999999076128006,0.2
3474,100.56127296399842,125,37.96,73,1828864,0.0001,152.2823028564453,0.5626637935638428,0.010246052406728268,408.8543014526367,0.203125,1943,32.096920013427734,0.018712196,0.07999999076128006,0.2
3474,103.06762493039652,126,38.9,74,1830912,0.0001,152.47946166992188,0.6277516484260559,0.005838779360055923,350.3767028808594,0.1640625,1944,32.096920013427734,0.01282121,0.07999999076128006,0.2
3474,112.39939044059957,127,42.35,74,1832960,0.0001,113.9466323852539,0.6810131072998047,0.012202192097902298,276.4926300048828,0.17252604166666666,1945,32.096920013427734,0.015914014,0.07999999076128006,0.2
3475,123.60068444383447,128,46.48,75,1835008,0.0001,92.86720275878906,0.8341405987739563,-0.00042511383071541786,141.00157165527344,0.2001953125,1946,32.096920013427734,0.017459502,0.07999999076128006,0.2
