rollout/ep_len_mean,time/total_timesteps,time/fps,rollout/ep_rew_mean,time/iterations,time/time_elapsed,train/entropy_loss,train/n_updates,train/approx_kl,train/value_loss,train/std,train/clip_fraction,train/explained_variance,train/loss,train/clip_range,train/policy_gradient_loss,train/learning_rate
18.90625,2048,2681,51.49677449461816,1,0,,,,,,,,,,,
20.07,4096,2533,54.921693772715315,2,1,32.096920013427734,1,0.15915804,399.65423583984375,0.07999999076128006,0.40625,-0.001227259635925293,187.93780517578125,0.2,0.08542354591190815,0.0003
24.2,6144,2575,65.58201829580148,3,2,32.096920013427734,2,0.09046109,423.1891632080078,0.07999999076128006,0.365234375,8.13603401184082e-05,208.37986755371094,0.2,0.048738718032836914,0.0003
29.82,8192,2594,80.07470974382197,4,3,32.096920013427734,3,0.061176147,547.6284484863281,0.07999999076128006,0.32421875,0.0027574896812438965,273.39263916015625,0.2,0.019466347992420197,0.0003
33.98,10240,2605,91.00927882153309,5,3,32.096920013427734,4,0.07023404,669.287841796875,0.07999999076128006,0.345703125,0.005544900894165039,324.8740234375,0.2,0.05856804037466645,0.0003
34.59,12288,2615,92.88725240485523,6,4,32.096920013427734,5,0.04618422,689.6014709472656,0.07999999076128006,0.322265625,0.005798041820526123,346.28509521484375,0.2,0.03858305932953954,0.0003
34.44,14336,2623,92.94593925843269,7,5,32.096920013427734,6,0.035955187,648.6555480957031,0.07999999076128006,0.306640625,0.006049215793609619,334.06146240234375,0.2,0.029349111951887608,0.0003
34.13,16384,2633,92.41557189243245,8,6,32.096920013427734,7,0.03484109,668.5018920898438,0.07999999076128006,0.318359375,0.005946815013885498,317.8279724121094,0.2,0.016018365742638707,0.0003
34.1,18432,2639,92.49330472533711,9,6,32.096920013427734,8,0.028369706,700.4513549804688,0.07999999076128006,0.2578125,0.006122231483459473,366.2405700683594,0.2,0.01670348271727562,0.0003
33.91,20480,2646,92.13343983511824,10,7,32.096920013427734,9,0.015240312,690.1349182128906,0.07999999076128006,0.2109375,0.0050528645515441895,323.6487121582031,0.2,0.014873257372528315,0.0003
33.78,22528,2651,91.86903300568342,11,8,32.096920013427734,10,0.019210348,687.284423828125,0.07999999076128006,0.248046875,0.005636751651763916,342.94012451171875,0.2,0.018365660682320595,0.0003
33.57,24576,2653,91.40478019521488,12,9,32.096920013427734,11,0.018705811,682.2235717773438,0.07999999076128006,0.232421875,0.005431652069091797,350.177734375,0.2,0.0063357166945934296,0.0003
33.49,26624,2655,91.26244229405438,13,10,32.096920013427734,12,0.017233428,667.913330078125,0.07999999076128006,0.22265625,0.0052356719970703125,318.08673095703125,0.2,0.00776792922988534,0.0003
33.3,28672,2658,90.87814516239446,14,10,32.096920013427734,13,0.016092401,653.906982421875,0.07999999076128006,0.22265625,0.004643261432647705,325.6002502441406,0.2,0.018516757525503635,0.0003
33.2,30720,2661,90.70694963050946,15,11,32.096920013427734,14,0.0359846,650.1571451822916,0.07999999076128006,0.3151041666666667,0.0040721893310546875,344.6884460449219,0.2,0.023601513355970383,0.0003
33.12,32768,2664,90.56976774366903,16,12,32.096920013427734,15,0.018756846,662.6839396158854,0.07999999076128006,0.24088541666666666,0.0044533610343933105,331.0917053222656,0.2,0.014877520812054476,0.0003
33.09,34816,2662,90.47198564564616,17,13,32.096920013427734,16,0.016604232,624.8731892903646,0.07999999076128006,0.20963541666666666,0.0048561692237854,302.5835266113281,0.2,0.008717828119794527,0.0003
32.98,36864,2662,90.17901026892983,18,13,32.096920013427734,17,0.01865684,650.7363891601562,0.07999999076128006,0.24869791666666666,0.004878878593444824,325.0832824707031,0.2,0.019355952196444075,0.0003
32.8,38912,2663,89.79377877607558,19,14,32.096920013427734,18,0.020073172,598.7728271484375,0.07999999076128006,0.2890625,0.004282236099243164,303.2617492675781,0.2,0.025923476833850146,0.0003
33.01,40960,2663,90.33530164650394,20,15,32.096920013427734,19,0.01556959,600.4974670410156,0.07999999076128006,0.2001953125,0.004618525505065918,282.617919921875,0.2,0.013861202634871006,0.0003
33.26,43008,2664,90.82142437437044,21,16,32.096920013427734,20,0.02120258,606.3468627929688,0.07999999076128006,0.236328125,0.004701673984527588,284.9121398925781,0.2,0.02030817372724414,0.0003
33.44,45056,2665,91.20756217735166,22,16,32.096920013427734,21,0.019368246,625.9003784179688,0.07999999076128006,0.259375,0.003975331783294678,344.2930908203125,0.2,0.020983572117984295,0.0003
33.53,47104,2666,91.41495817075338,23,17,32.096920013427734,22,0.014437341,637.9740447998047,0.07999999076128006,0.189453125,0.003995776176452637,333.0291748046875,0.2,0.007466433569788933,0.0003
33.52,49152,2668,91.44155664060082,24,18,32.096920013427734,23,0.013582701,634.3040924072266,0.07999999076128006,0.18359375,0.003430187702178955,297.2378234863281,0.2,0.00882640149211511,0.0003
33.71,51200,2669,91.84635585232189,25,19,32.096920013427734,24,0.014936902,647.7719116210938,0.07999999076128006,0.19270833333333334,0.0027145743370056152,339.904541015625,0.2,0.01636258450647195,0.0003
33.86,53248,2670,92.24132911914838,26,19,32.096920013427734,25,0.019798325,636.1785430908203,0.07999999076128006,0.220703125,0.0020707249641418457,315.3363037109375,0.2,0.016604918986558914,0.0003
33.82,55296,2671,92.18554337512393,27,20,32.096920013427734,26,0.018540364,602.9790954589844,0.07999999076128006,0.251953125,0.0017278194427490234,314.7823181152344,0.2,0.012415439821779728,0.0003
33.64,57344,2671,91.8516121989987,28,21,32.096920013427734,27,0.017854681,581.0318969726562,0.07999999076128006,0.23671875,0.0017535686492919922,290.0981750488281,0.2,0.010783040523529052,0.0003
33.66,59392,2671,91.87587597284684,29,22,32.096920013427734,28,0.016641524,573.5341796875,0.07999999076128006,0.2265625,0.0015775561332702637,296.00531005859375,0.2,0.010720101185142994,0.0003
33.81,61440,2667,92.19240352574741,30,23,32.096920013427734,29,0.02127549,581.0326538085938,0.07999999076128006,0.2734375,0.002041935920715332,297.9565734863281,0.2,0.01815605480223894,0.0003
34.01,63488,2667,92.63858821991576,31,23,32.096920013427734,30,0.02200724,573.5747833251953,0.07999999076128006,0.267578125,0.000396728515625,307.389892578125,0.2,0.009416148066520691,0.0003
34.25,65536,2668,93.10569198733579,32,24,32.096920013427734,31,0.019578272,588.1912078857422,0.07999999076128006,0.232421875,0.000831305980682373,291.5911560058594,0.2,0.012241646647453308,0.0003
34.05,67584,2669,92.70943169749555,33,25,32.096920013427734,32,0.01901087,602.5399169921875,0.07999999076128006,0.2328125,0.0007520914077758789,294.24481201171875,0.2,0.013121754536405206,0.0003
33.83,69632,2668,92.2683603367346,34,26,32.096920013427734,33,0.0143640805,583.0975341796875,0.07999999076128006,0.203125,-4.5180320739746094e-05,279.73309326171875,0.2,0.00634937658905983,0.0003
33.82,71680,2668,92.25973149049058,35,26,32.096920013427734,34,0.01942701,584.2828491210937,0.07999999076128006,0.25390625,-0.0010315179824829102,312.0084228515625,0.2,0.013999535888433456,0.0003
33.93,73728,2664,92.5099626867842,36,27,32.096920013427734,35,0.018121326,566.7514892578125,0.07999999076128006,0.23046875,-0.0007408857345581055,282.6772766113281,0.2,0.012012854591012001,0.0003
34.02,75776,2664,92.70169045513381,37,28,32.096920013427734,36,0.019987475,537.7101745605469,0.07999999076128006,0.240625,-0.0005064010620117188,285.4050598144531,0.2,0.00886394940316677,0.0003
33.9,77824,2664,92.48783107403098,38,29,32.096920013427734,37,0.019714283,542.328125,0.07999999076128006,0.2783203125,-0.00015628337860107422,274.95654296875,0.2,0.013895011972635984,0.0003
33.49,79872,2664,91.65343068032905,39,29,32.096920013427734,38,0.016694069,531.2751159667969,0.07999999076128006,0.21484375,6.16908073425293e-05,246.96792602539062,0.2,0.013190332101657987,0.0003
33.43,81920,2665,91.6248007332552,40,30,32.096920013427734,39,0.019083206,542.7705078125,0.07999999076128006,0.244140625,-5.6743621826171875e-05,270.54559326171875,0.2,0.010770691325888038,0.0003
33.38,83968,2666,91.51073075935756,41,31,32.096920013427734,40,0.01756905,591.9039154052734,0.07999999076128006,0.240234375,7.510185241699219e-06,307.74951171875,0.2,0.017744506243616343,0.0003
33.38,86016,2665,91.5432086442935,42,32,32.096920013427734,41,0.015451305,561.2426452636719,0.07999999076128006,0.22526041666666666,-0.000637054443359375,289.03521728515625,0.2,0.014781221669788161,0.0003
33.4,88064,2666,91.56684049795598,43,33,32.096920013427734,42,0.017096575,554.6361389160156,0.07999999076128006,0.232421875,-0.0004932880401611328,264.9781494140625,0.2,0.014210070250555873,0.0003
33.5,90112,2667,91.80502201198834,44,33,32.096920013427734,43,0.0143086165,542.9422973632812,0.07999999076128006,0.19375,-0.0001271963119506836,264.0904846191406,0.2,0.011765825934708119,0.0003
33.57,92160,2667,92.00011454942052,45,34,32.096920013427734,44,0.017003138,545.0481994628906,0.07999999076128006,0.22890625,-0.00042808055877685547,244.5284423828125,0.2,0.01589627079665661,0.0003
33.53,94208,2668,91.87983139356709,46,35,32.096920013427734,45,0.017945807,541.9635620117188,0.07999999076128006,0.2353515625,-5.328655242919922e-05,261.490478515625,0.2,0.01037263311445713,0.0003
33.54,96256,2669,91.89318909264985,47,36,32.096920013427734,46,0.017116547,529.9722534179688,0.07999999076128006,0.22734375,4.416704177856445e-05,271.54840087890625,0.2,0.008372825756669044,0.0003
33.49,98304,2669,91.82144741148504,48,36,32.096920013427734,47,0.014228478,525.9340972900391,0.07999999076128006,0.201171875,0.0006020665168762207,257.9284362792969,0.2,0.010680988430976868,0.0003
33.69,100352,2670,92.23331665007252,49,37,32.096920013427734,48,0.015593483,536.0371246337891,0.07999999076128006,0.2119140625,0.00011539459228515625,276.7715148925781,0.2,0.00605712691321969,0.0003
33.68,102400,2670,92.19642497251587,50,38,32.096920013427734,49,0.014697453,523.3532791137695,0.07999999076128006,0.17578125,0.0010271072387695312,263.3748474121094,0.2,0.008032205980271101,0.0003
33.69,104448,2671,92.25377651671879,51,39,32.096920013427734,50,0.01889528,545.7376251220703,0.07999999076128006,0.22265625,0.0011654496192932129,264.8891296386719,0.2,0.009914895985275507,0.0003
33.96,106496,2671,92.86666185484901,52,39,32.096920013427734,51,0.020327475,562.7810424804687,0.07999999076128006,0.25,0.0010122060775756836,297.68572998046875,0.2,0.015130369737744332,0.0003
34.0,108544,2671,92.95125241633187,53,40,32.096920013427734,53,0.031762317,561.0533874511718,0.07999999076128006,0.283984375,0.0009659528732299805,250.55975341796875,0.2,0.008086352329701185,0.0003
34.01,110592,2672,93.02803770299084,54,41,32.096920013427734,54,0.017062254,532.4970550537109,0.07999999076128006,0.236328125,0.000670313835144043,238.49562072753906,0.2,0.015535389422439039,0.0003
34.0,112640,2673,93.0881627631074,55,42,32.096920013427734,55,0.013173109,528.8481750488281,0.07999999076128006,0.1591796875,0.0007748603820800781,239.11306762695312,0.2,0.008296149899251759,0.0003
33.96,114688,2673,92.98780087150655,56,42,32.096920013427734,56,0.0147484485,498.90869140625,0.07999999076128006,0.197265625,0.001039266586303711,249.19569396972656,0.2,0.011067265179008245,0.0003
33.68,116736,2674,92.37133048354946,57,43,32.096920013427734,57,0.013906074,509.32588958740234,0.07999999076128006,0.1748046875,0.0010878443717956543,257.9982604980469,0.2,0.0070607103407382965,0.0003
33.44,118784,2675,91.85419559154315,58,44,32.096920013427734,58,0.016318902,518.5412750244141,0.07999999076128006,0.205078125,0.0007801055908203125,262.4658203125,0.2,0.017485491931438446,0.0003
33.34,120832,2675,91.69314105677527,59,45,32.096920013427734,59,0.019213362,519.5886413574219,0.07999999076128006,0.22578125,0.0008830428123474121,276.38812255859375,0.2,0.010750310122966766,0.0003
33.27,122880,2675,91.51837878356037,60,45,32.096920013427734,60,0.01578721,513.0535583496094,0.07999999076128006,0.1875,0.0008187294006347656,243.17684936523438,0.2,0.008859897498041391,0.0003
33.08,124928,2676,91.10932645280278,61,46,32.096920013427734,61,0.016589772,517.6918273925781,0.07999999076128006,0.22265625,0.0009033083915710449,264.9114685058594,0.2,0.013399133272469044,0.0003
33.19,126976,2677,91.34008600092298,62,47,32.096920013427734,62,0.013771131,530.3992080688477,0.07999999076128006,0.1982421875,0.0007287859916687012,250.92857360839844,0.2,0.0056300354190170765,0.0003
33.17,129024,2677,91.24970063790897,63,48,32.096920013427734,63,0.018358786,526.9348220825195,0.07999999076128006,0.244140625,0.0009359121322631836,274.8591003417969,0.2,0.01306384545750916,0.0003
32.86,131072,2678,90.46502861842743,64,48,32.096920013427734,64,0.017587733,516.3631469726563,0.07999999076128006,0.23515625,0.0009380578994750977,247.73095703125,0.2,0.014013992575928568,0.0003
32.85,133120,2679,90.48463955646949,65,49,32.096920013427734,65,0.013164281,514.4837646484375,0.07999999076128006,0.177734375,0.0008929967880249023,252.20278930664062,0.2,0.009285357315093279,0.0003
33.07,135168,2679,91.01404181027281,66,50,32.096920013427734,66,0.013901108,496.7790120442708,0.07999999076128006,0.18880208333333334,0.0010493993759155273,258.3724670410156,0.2,0.012448675620059172,0.0003
33.14,137216,2680,91.19425807236667,67,51,32.096920013427734,67,0.014012084,504.3544006347656,0.07999999076128006,0.19140625,0.0009775161743164062,262.24493408203125,0.2,0.017245019475619,0.0003
33.24,139264,2681,91.4182189738992,68,51,32.096920013427734,68,0.013285567,504.21946207682294,0.07999999076128006,0.17708333333333334,0.0008138418197631836,251.93930053710938,0.2,0.00932910138120254,0.0003
33.19,141312,2681,91.33210363331153,69,52,32.096920013427734,69,0.018228065,495.0831832885742,0.07999999076128006,0.2490234375,0.000813901424407959,231.09222412109375,0.2,0.014395926613360643,0.0003
33.15,143360,2682,91.27647299191908,70,53,32.096920013427734,70,0.018035674,500.9530563354492,0.07999999076128006,0.2236328125,0.0008665919303894043,248.7238311767578,0.2,0.006004492286592722,0.0003
33.11,145408,2682,91.21948486738992,71,54,32.096920013427734,71,0.018251896,480.7771453857422,0.07999999076128006,0.23828125,0.0009120702743530273,237.673095703125,0.2,0.014070178382098675,0.0003
33.08,147456,2683,91.16786560460409,72,54,32.096920013427734,72,0.020653073,518.1585845947266,0.07999999076128006,0.2568359375,0.0010647177696228027,246.62423706054688,0.2,0.009611861780285835,0.0003
33.15,149504,2683,91.36438380622822,73,55,32.096920013427734,73,0.015505737,516.1814498901367,0.07999999076128006,0.2060546875,0.0009671449661254883,273.8663024902344,0.2,0.012952184537425637,0.0003
33.08,151552,2683,91.24757046925173,74,56,32.096920013427734,74,0.020253997,493.4967575073242,0.07999999076128006,0.244140625,0.0011052489280700684,232.28172302246094,0.2,0.009024134371429682,0.0003
32.92,153600,2684,90.87009849186552,75,57,32.096920013427734,75,0.018186875,508.7884979248047,0.07999999076128006,0.232421875,0.00103074312210083,243.2980499267578,0.2,0.005196263315156102,0.0003
32.92,155648,2684,90.87074840868914,76,57,32.096920013427734,76,0.017535651,466.0579467773438,0.07999999076128006,0.25546875,0.0009987950325012207,232.39300537109375,0.2,0.021373826265335082,0.0003
32.84,157696,2684,90.69911279073317,77,58,32.096920013427734,77,0.020907182,471.6389694213867,0.07999999076128006,0.2607421875,0.0009360313415527344,225.88563537597656,0.2,0.013446403667330742,0.0003
32.77,159744,2685,90.54024516669527,78,59,32.096920013427734,78,0.015774818,480.2798309326172,0.07999999076128006,0.23046875,0.0009119510650634766,220.04217529296875,0.2,0.013441702195753654,0.0003
32.76,161792,2685,90.48404357564725,79,60,32.096920013427734,79,0.017426904,486.9857482910156,0.07999999076128006,0.2431640625,0.001044631004333496,250.74081420898438,0.2,0.010993306059390306,0.0003
32.71,163840,2685,90.39198551619664,80,61,32.096920013427734,80,0.01699731,475.9239562988281,0.07999999076128006,0.2515625,0.0009123682975769043,252.4376220703125,0.2,0.005540386773645878,0.0003
32.79,165888,2685,90.56569151144372,81,61,32.096920013427734,81,0.019601945,499.84899139404297,0.07999999076128006,0.2216796875,0.0007681846618652344,260.2289733886719,0.2,0.007242545718327165,0.0003
32.73,167936,2685,90.37074115208031,82,62,32.096920013427734,82,0.018124655,499.6668167114258,0.07999999076128006,0.2509765625,0.0008649826049804688,257.1382141113281,0.2,0.008845369331538677,0.0003
32.82,169984,2685,90.54999964765507,83,63,32.096920013427734,83,0.016488928,518.4706970214844,0.07999999076128006,0.23125,0.0008473992347717285,276.88214111328125,0.2,0.00854224469512701,0.0003
32.76,172032,2685,90.3991114584912,84,64,32.096920013427734,84,0.020337086,487.13326263427734,0.07999999076128006,0.2578125,0.000783085823059082,232.64028930664062,0.2,0.016331007471308112,0.0003
32.93,174080,2685,90.82533319755352,85,64,32.096920013427734,85,0.017920708,509.8571090698242,0.07999999076128006,0.220703125,0.000865936279296875,252.17210388183594,0.2,0.01094663015101105,0.0003
32.91,176128,2686,90.77637129551651,86,65,32.096920013427734,86,0.014111378,499.5430374145508,0.07999999076128006,0.18359375,0.0010337233543395996,243.62796020507812,0.2,0.01698894239962101,0.0003
32.81,178176,2686,90.54226319837886,87,66,32.096920013427734,87,0.01704383,478.38429260253906,0.07999999076128006,0.2197265625,0.0011129379272460938,223.0110626220703,0.2,0.005269084591418505,0.0003
32.77,180224,2686,90.47933943343313,88,67,32.096920013427734,88,0.016863225,493.3140335083008,0.07999999076128006,0.234375,0.0009589195251464844,247.59356689453125,0.2,0.013095312286168337,0.0003
32.83,182272,2687,90.57357192810113,89,67,32.096920013427734,89,0.014599191,490.48531341552734,0.07999999076128006,0.1943359375,0.0008827447891235352,250.75428771972656,0.2,0.011832659831270576,0.0003
33.01,184320,2687,91.0102505692993,90,68,32.096920013427734,90,0.017648807,483.36029052734375,0.07999999076128006,0.2375,0.0008767247200012207,229.38229370117188,0.2,0.01973792426288128,0.0003
33.0,186368,2687,90.9751492690418,91,69,32.096920013427734,91,0.019453708,478.0779571533203,0.07999999076128006,0.2451171875,0.0010157227516174316,236.654296875,0.2,0.008114055031910539,0.0003
32.99,188416,2687,90.97443991547628,92,70,32.096920013427734,92,0.018228985,464.3227005004883,0.07999999076128006,0.2216796875,0.0009242892265319824,232.2691650390625,0.2,0.01471369608771056,0.0003
33.13,190464,2687,91.35232670439675,93,70,32.096920013427734,93,0.01657646,472.9586975097656,0.07999999076128006,0.21875,0.0010477900505065918,231.4813690185547,0.2,0.009054469969123602,0.0003
33.17,192512,2688,91.45743918041455,94,71,32.096920013427734,94,0.017829929,481.4864501953125,0.07999999076128006,0.22265625,0.0009319782257080078,241.74014282226562,0.2,0.010820436757057905,0.0003
33.19,194560,2688,91.51711038111917,95,72,32.096920013427734,95,0.015999585,475.9347381591797,0.07999999076128006,0.2119140625,0.0010918378829956055,244.18016052246094,0.2,0.017563902540132403,0.0003
33.14,196608,2688,91.42289864471158,96,73,32.096920013427734,96,0.013451318,463.7594970703125,0.07999999076128006,0.1765625,0.001103520393371582,206.733642578125,0.2,0.008845198899507523,0.0003
33.25,198656,2688,91.71166045367696,97,73,32.096920013427734,97,0.016134301,458.0941619873047,0.07999999076128006,0.2236328125,0.001003265380859375,212.03587341308594,0.2,0.023655441240407526,0.0003
33.38,200704,2688,92.05391575135783,98,74,32.096920013427734,98,0.01711439,478.71781158447266,0.07999999076128006,0.2275390625,0.0011876225471496582,208.11883544921875,0.2,0.012113652657717466,0.0003
33.34,202752,2688,91.91610466647379,99,75,32.096920013427734,99,0.014863575,473.0953063964844,0.07999999076128006,0.1875,0.0011331439018249512,245.06423950195312,0.2,0.008202302502468228,0.0003
33.23,204800,2688,91.66217391548668,100,76,32.096920013427734,101,0.035813637,480.72479248046875,0.07999999076128006,0.2703993055555556,0.0011855363845825195,235.47088623046875,0.2,0.013038390626509985,0.0003
33.45,206848,2688,92.17692691475851,101,76,32.096920013427734,102,0.022554569,504.5451889038086,0.07999999076128006,0.26953125,0.0010747909545898438,232.75889587402344,0.2,0.01116757420822978,0.0003
33.64,208896,2688,92.65244443232743,102,77,32.096920013427734,103,0.019276949,492.75150408063615,0.07999999076128006,0.27232142857142855,0.0011733770370483398,264.78472900390625,0.2,0.02036085511956896,0.0003
33.81,210944,2688,93.05726476919237,103,78,32.096920013427734,104,0.018040359,494.7572250366211,0.07999999076128006,0.2265625,0.0011365413665771484,247.57736206054688,0.2,0.005967524601146579,0.0003
33.9,212992,2686,93.22656444739715,104,79,32.096920013427734,105,0.015165051,490.33494567871094,0.07999999076128006,0.201171875,0.0012888312339782715,253.74917602539062,0.2,0.013256810139864683,0.0003
33.79,215040,2686,92.95425504286538,105,80,32.096920013427734,106,0.018081106,489.7498016357422,0.07999999076128006,0.212890625,0.0012846589088439941,225.77503967285156,0.2,0.018281502183526754,0.0003
33.94,217088,2686,93.33270135917446,106,80,32.096920013427734,107,0.02111719,475.59625244140625,0.07999999076128006,0.2509765625,0.0012139081954956055,235.78353881835938,0.2,0.014425717759877443,0.0003
34.1,219136,2686,93.71717046042592,107,81,32.096920013427734,108,0.019586233,481.27117919921875,0.07999999076128006,0.2060546875,0.001403510570526123,255.1622772216797,0.2,0.008936422178521752,0.0003
34.08,221184,2686,93.67845741347847,108,82,32.096920013427734,109,0.017940694,438.6447347005208,0.07999999076128006,0.23177083333333334,0.0013203620910644531,212.57749938964844,0.2,0.009782092024882635,0.0003
34.08,223232,2686,93.60776976824577,109,83,32.096920013427734,110,0.020230252,479.12660217285156,0.07999999076128006,0.2724609375,0.0013840794563293457,239.5609588623047,0.2,0.018672877922654152,0.0003
34.07,225280,2686,93.51399150696,110,83,32.096920013427734,112,0.03161449,475.2336853027344,0.07999999076128006,0.2875,0.0014435052871704102,237.43263244628906,0.2,0.009579487517476082,0.0003
34.02,227328,2686,93.3631235042154,111,84,32.096920013427734,113,0.01963,509.5724334716797,0.07999999076128006,0.25390625,0.0012280941009521484,246.20457458496094,0.2,0.01012966618873179,0.0003
34.25,229376,2687,93.94621419156893,112,85,32.096920013427734,114,0.018587943,500.1366653442383,0.07999999076128006,0.2470703125,0.001258254051208496,256.24298095703125,0.2,0.015093551948666573,0.0003
34.37,231424,2687,94.22066367350101,113,86,32.096920013427734,115,0.01988829,505.3231887817383,0.07999999076128006,0.232421875,0.0011260509490966797,231.69090270996094,0.2,0.00965403113514185,0.0003
34.39,233472,2687,94.28517378907385,114,86,32.096920013427734,116,0.0151183475,499.15000915527344,0.07999999076128006,0.1962890625,0.0012606978416442871,231.9530487060547,0.2,0.004622067324817181,0.0003
34.35,235520,2685,94.18508074245773,115,87,32.096920013427734,117,0.012253351,447.06396484375,0.07999999076128006,0.14713541666666666,0.0011988282203674316,225.12168884277344,0.2,0.004921464249491692,0.0003
34.35,237568,2685,94.14124983897831,116,88,32.096920013427734,118,0.017707413,465.7457580566406,0.07999999076128006,0.23177083333333334,0.0010854601860046387,221.14761352539062,0.2,0.010782924946397543,0.0003
34.24,239616,2685,93.83260684910069,117,89,32.096920013427734,119,0.018889008,448.7233657836914,0.07999999076128006,0.2412109375,0.0010831952095031738,216.2913055419922,0.2,0.01353793521411717,0.0003
34.13,241664,2685,93.57908969910997,118,89,32.096920013427734,120,0.015704626,490.2856140136719,0.07999999076128006,0.2041015625,0.0010042786598205566,252.119140625,0.2,0.012096560094505548,0.0003
34.24,243712,2685,93.87709133479001,119,90,32.096920013427734,121,0.01677861,512.9935531616211,0.07999999076128006,0.21484375,0.0009085536003112793,255.8004608154297,0.2,0.006765531376004219,0.0003
34.24,245760,2686,93.86016535666617,120,91,32.096920013427734,122,0.01450093,469.1245880126953,0.07999999076128006,0.19140625,0.0010424256324768066,218.21755981445312,0.2,0.006277628242969513,0.0003
34.41,247808,2686,94.2536417282912,121,92,32.096920013427734,123,0.02190416,500.51016998291016,0.07999999076128006,0.25390625,0.0008632540702819824,248.27880859375,0.2,0.018673719372600317,0.0003
34.67,249856,2686,94.89307377707195,122,93,32.096920013427734,124,0.018871434,478.5464172363281,0.07999999076128006,0.2421875,0.0009327530860900879,234.84996032714844,0.2,0.010960252489894629,0.0003
34.63,251904,2686,94.80654427362579,123,93,32.096920013427734,125,0.018519742,449.0542526245117,0.07999999076128006,0.23046875,0.0009291768074035645,222.70855712890625,0.2,0.01059273537248373,0.0003
34.66,253952,2686,94.9058599512762,124,94,32.096920013427734,126,0.019598667,463.778076171875,0.07999999076128006,0.26328125,0.0009503364562988281,238.13169860839844,0.2,0.006644146516919136,0.0003
34.65,256000,2686,94.86425090409426,125,95,32.096920013427734,127,0.016479507,471.71112060546875,0.07999999076128006,0.216796875,0.0009733438491821289,226.78834533691406,0.2,0.01970902062021196,0.0003
34.59,258048,2686,94.69949028725148,126,96,32.096920013427734,129,0.043624878,518.9040256076389,0.07999999076128006,0.2899305555555556,0.0010486245155334473,262.0911865234375,0.2,0.01362928520474169,0.0003
34.7,260096,2686,94.98067758654541,127,96,32.096920013427734,130,0.020846996,512.9866180419922,0.07999999076128006,0.263671875,0.0009207725524902344,243.9969940185547,0.2,0.0100586898624897,0.0003
34.62,262144,2686,94.83331420675773,128,97,32.096920013427734,131,0.019719046,477.17557525634766,0.07999999076128006,0.244140625,0.000995934009552002,247.7717742919922,0.2,0.014182321727275848,0.0003
34.54,264192,2686,94.5827240773101,129,98,32.096920013427734,132,0.016568404,437.04022216796875,0.07999999076128006,0.248046875,0.0008963346481323242,215.3788604736328,0.2,0.00839556660503149,0.0003
34.46,266240,2686,94.339152014837,130,99,32.096920013427734,133,0.018990446,451.4796905517578,0.07999999076128006,0.224609375,0.0008893013000488281,226.6112060546875,0.2,0.014863037504255772,0.0003
34.28,268288,2687,93.89002280306708,131,99,32.096920013427734,134,0.020458613,471.86556243896484,0.07999999076128006,0.2421875,0.0009003877639770508,251.81289672851562,0.2,0.012511392123997211,0.0003
34.21,270336,2687,93.72813817501363,132,100,32.096920013427734,135,0.014784349,503.0402297973633,0.07999999076128006,0.1904296875,0.0009670257568359375,248.89927673339844,0.2,0.01722112367860973,0.0003
34.08,272384,2687,93.39975317997224,133,101,32.096920013427734,136,0.01977226,511.413335164388,0.07999999076128006,0.2578125,0.0009404420852661133,247.21817016601562,0.2,0.018355177715420723,0.0003
34.1,274432,2687,93.48202169180092,134,102,32.096920013427734,137,0.014561776,519.7090301513672,0.07999999076128006,0.1875,0.0009139776229858398,251.5050506591797,0.2,0.004142348887398839,0.0003
34.16,276480,2687,93.65314631464014,135,102,32.096920013427734,138,0.017046353,461.50816040039064,0.07999999076128006,0.215625,0.0009176135063171387,221.6087188720703,0.2,0.01001080423593521,0.0003
34.12,278528,2687,93.60760831328817,136,103,32.096920013427734,139,0.018710176,437.86635335286456,0.07999999076128006,0.24479166666666666,0.0009565353393554688,222.0910186767578,0.2,0.0175407063215971,0.0003
33.92,280576,2687,93.10047524005209,137,104,32.096920013427734,140,0.02169982,429.75724029541016,0.07999999076128006,0.2607421875,0.0010894536972045898,216.49195861816406,0.2,0.019736515823751688,0.0003
33.88,282624,2688,92.97357872736951,138,105,32.096920013427734,141,0.019220028,436.5697998046875,0.07999999076128006,0.246875,0.0010578632354736328,207.68600463867188,0.2,0.011031688936054707,0.0003
33.82,284672,2688,92.8013437644073,139,105,32.096920013427734,142,0.014932616,457.69989013671875,0.07999999076128006,0.2197265625,0.001193404197692871,255.3955841064453,0.2,0.010098156286403537,0.0003
33.77,286720,2688,92.63887682961504,140,106,32.096920013427734,143,0.019613344,495.73133850097656,0.07999999076128006,0.25,0.0010773539543151855,259.1375732421875,0.2,0.017613722942769527,0.0003
33.93,288768,2688,93.02179312536505,141,107,32.096920013427734,144,0.021275584,496.32325744628906,0.07999999076128006,0.25,0.0010981559753417969,245.7558135986328,0.2,0.01808966277167201,0.0003
34.01,290816,2688,93.2319284976668,142,108,32.096920013427734,145,0.017769486,496.017333984375,0.07999999076128006,0.2158203125,0.0010898113250732422,232.12664794921875,0.2,0.012275693472474813,0.0003
34.01,292864,2688,93.26275304911788,143,108,32.096920013427734,146,0.018121272,495.5102996826172,0.07999999076128006,0.2333984375,0.0010569095611572266,229.3868408203125,0.2,0.01218453561887145,0.0003
34.14,294912,2688,93.60371299301488,144,109,32.096920013427734,147,0.022369713,460.34120178222656,0.07999999076128006,0.2646484375,0.0011113286018371582,246.61000061035156,0.2,0.009894226212054491,0.0003
34.23,296960,2688,93.79854424103416,145,110,32.096920013427734,148,0.025382787,439.80680084228516,0.07999999076128006,0.2900390625,0.0011749863624572754,209.57586669921875,0.2,0.007582231657579541,0.0003
34.38,299008,2688,94.15240840714094,146,111,32.096920013427734,149,0.014605568,460.3998031616211,0.07999999076128006,0.2080078125,0.0011925101280212402,234.77235412597656,0.2,0.010599291417747736,0.0003
34.36,301056,2688,94.10290509408424,147,111,32.096920013427734,150,0.0132452445,454.2691345214844,0.07999999076128006,0.20052083333333334,0.001199960708618164,245.83197021484375,0.2,0.008426522215207418,0.0003
34.22,303104,2688,93.75908836314893,148,112,32.096920013427734,151,0.021364316,486.0693893432617,0.07999999076128006,0.2333984375,0.0012241005897521973,233.71009826660156,0.2,0.02036218182183802,0.0003
34.16,305152,2688,93.55763323733113,149,113,32.096920013427734,152,0.01850505,490.58179473876953,0.07999999076128006,0.2236328125,0.0012848377227783203,246.6009521484375,0.2,0.007219583261758089,0.0003
34.31,307200,2687,93.8422943167595,150,114,32.096920013427734,153,0.020296711,475.07320404052734,0.07999999076128006,0.248046875,0.0013173222541809082,226.01824951171875,0.2,0.017973176203668118,0.0003
34.35,309248,2687,93.91579242321572,151,115,32.096920013427734,154,0.019218864,462.0750681559245,0.07999999076128006,0.2734375,0.0013455748558044434,223.88815307617188,0.2,0.019116476799050968,0.0003
34.22,311296,2687,93.5671433270452,152,115,32.096920013427734,155,0.019190675,453.5359191894531,0.07999999076128006,0.2565104166666667,0.0013135671615600586,234.0138702392578,0.2,0.016741210594773293,0.0003
34.32,313344,2687,93.83545072714851,153,116,32.096920013427734,156,0.0151927,448.34925333658856,0.07999999076128006,0.1953125,0.0013620257377624512,233.6663360595703,0.2,0.012886694322029749,0.0003
34.29,315392,2687,93.76226561939109,154,117,32.096920013427734,157,0.016368983,457.85460662841797,0.07999999076128006,0.21875,0.001463174819946289,237.7228546142578,0.2,0.013367024017497897,0.0003
34.28,317440,2687,93.73153226117476,155,118,32.096920013427734,158,0.015341237,470.6216634114583,0.07999999076128006,0.20833333333333334,0.0014989376068115234,220.24026489257812,0.2,0.001994723454117775,0.0003
34.41,319488,2687,94.03553353976889,156,118,32.096920013427734,159,0.022626735,488.4944610595703,0.07999999076128006,0.2666015625,0.0014194250106811523,273.3966064453125,0.2,0.0065070908749476075,0.0003
34.39,321536,2687,94.05081671545845,157,119,32.096920013427734,160,0.014396038,483.06983184814453,0.07999999076128006,0.1962890625,0.0014675259590148926,241.34713745117188,0.2,0.005177026614546776,0.0003
34.38,323584,2687,94.03926378575794,158,120,32.096920013427734,161,0.015811939,470.4555969238281,0.07999999076128006,0.203125,0.0014407634735107422,233.9644775390625,0.2,0.01354330638423562,0.0003
34.42,325632,2687,94.1001062330753,159,121,32.096920013427734,162,0.01650688,432.22401428222656,0.07999999076128006,0.2197265625,0.001448512077331543,223.2008819580078,0.2,0.00928553007543087,0.0003
34.41,327680,2687,94.08553854138698,160,121,32.096920013427734,163,0.016725946,453.697021484375,0.07999999076128006,0.2203125,0.0015456080436706543,228.8727264404297,0.2,0.018852402828633784,0.0003
34.46,329728,2687,94.2395661791628,161,122,32.096920013427734,164,0.016214868,468.9673614501953,0.07999999076128006,0.212890625,0.0015162825584411621,221.71009826660156,0.2,0.013667395571246743,0.0003
34.43,331776,2687,94.19938182642298,162,123,32.096920013427734,165,0.021112371,489.9650421142578,0.07999999076128006,0.2275390625,0.0015782713890075684,237.5959930419922,0.2,0.005346630234271288,0.0003
34.24,333824,2687,93.77026888692585,163,124,32.096920013427734,166,0.019055936,475.9653381347656,0.07999999076128006,0.23984375,0.0016518831253051758,241.9466552734375,0.2,0.012619653344154358,0.0003
34.18,335872,2688,93.66016488735093,164,124,32.096920013427734,167,0.017834362,462.8514099121094,0.07999999076128006,0.23125,0.0016744732856750488,247.97975158691406,0.2,0.013910020422190427,0.0003
34.23,337920,2688,93.768905276873,165,125,32.096920013427734,168,0.017428864,461.1178512573242,0.07999999076128006,0.2197265625,0.0018390417098999023,227.26361083984375,0.2,0.013461631955578923,0.0003
34.16,339968,2688,93.53514667336863,166,126,32.096920013427734,169,0.017179765,445.65761311848956,0.07999999076128006,0.23893229166666666,0.001839280128479004,236.75115966796875,0.2,0.01604343190168341,0.0003
34.17,342016,2688,93.56191283907714,167,127,32.096920013427734,170,0.014680373,458.35997772216797,0.07999999076128006,0.203125,0.0018407106399536133,233.6221466064453,0.2,0.005521588027477264,0.0003
34.22,344064,2688,93.72011754781363,168,127,32.096920013427734,171,0.018758811,452.6478042602539,0.07999999076128006,0.2177734375,0.0018784403800964355,235.4176025390625,0.2,0.01886039972305298,0.0003
34.37,346112,2688,94.12387570145327,169,128,32.096920013427734,172,0.01446234,469.98485310872394,0.07999999076128006,0.17838541666666666,0.0019738078117370605,231.61578369140625,0.2,0.0016136554380257924,0.0003
34.5,348160,2688,94.43206861141823,170,129,32.096920013427734,173,0.01821811,495.87486267089844,0.07999999076128006,0.2314453125,0.0019631385803222656,232.3947296142578,0.2,0.009487579111009836,0.0003
34.57,350208,2688,94.60358178928429,171,130,32.096920013427734,174,0.013742995,489.11009216308594,0.07999999076128006,0.1953125,0.002125561237335205,249.00050354003906,0.2,0.017038231249898672,0.0003
34.48,352256,2688,94.38377184681347,172,131,32.096920013427734,175,0.015449526,492.9606628417969,0.07999999076128006,0.2216796875,0.002235591411590576,257.9029846191406,0.2,0.004202001495286822,0.0003
34.45,354304,2688,94.32598826662414,173,131,32.096920013427734,176,0.013767328,483.15020751953125,0.07999999076128006,0.19791666666666666,0.0022059082984924316,249.11355590820312,0.2,0.011472610756754875,0.0003
34.55,356352,2688,94.54503788693113,174,132,32.096920013427734,177,0.015722742,437.3420104980469,0.07999999076128006,0.23307291666666666,0.002285897731781006,223.2144775390625,0.2,0.0066764655833443,0.0003
34.6,358400,2688,94.68334807983207,175,133,32.096920013427734,178,0.019544927,451.7469961983817,0.07999999076128006,0.26785714285714285,0.0024153590202331543,218.5823516845703,0.2,0.010082590260675975,0.0003
34.62,360448,2688,94.74248389547706,176,134,32.096920013427734,179,0.018487483,487.43900299072266,0.07999999076128006,0.2412109375,0.0024319887161254883,245.2080841064453,0.2,0.007668232312425971,0.0003
34.52,362496,2688,94.48385984522024,177,134,32.096920013427734,180,0.01938396,477.9591827392578,0.07999999076128006,0.2353515625,0.0025593042373657227,231.83816528320312,0.2,0.010049571632407606,0.0003
34.59,364544,2688,94.60051822038011,178,135,32.096920013427734,181,0.01943932,484.13045392717635,0.07999999076128006,0.26171875,0.0026210546493530273,236.51332092285156,0.2,0.013882961789412158,0.0003
34.58,366592,2688,94.53717239282162,179,136,32.096920013427734,182,0.016416803,479.0546188354492,0.07999999076128006,0.2119140625,0.002910435199737549,242.92974853515625,0.2,0.0066953778732568026,0.0003
34.38,368640,2688,94.04836595457974,180,137,32.096920013427734,183,0.015622096,473.5035858154297,0.07999999076128006,0.23828125,0.002866089344024658,238.8576202392578,0.2,0.014639175031334162,0.0003
34.48,370688,2688,94.25076031654822,181,137,32.096920013427734,184,0.019056818,436.53951263427734,0.07999999076128006,0.2275390625,0.00317460298538208,230.07562255859375,0.2,0.0125207738019526,0.0003
34.61,372736,2688,94.48884432143697,182,138,32.096920013427734,185,0.022411017,467.60201263427734,0.07999999076128006,0.2705078125,0.0030717849731445312,233.32235717773438,0.2,0.02320712571963668,0.0003
34.65,374784,2688,94.52948039796516,183,139,32.096920013427734,186,0.015308957,475.7822265625,0.07999999076128006,0.2119140625,0.0032663941383361816,233.22093200683594,0.2,0.013403593562543392,0.0003
34.58,376832,2688,94.39687513438007,184,140,32.096920013427734,187,0.02007069,490.7028564453125,0.07999999076128006,0.23359375,0.003440678119659424,263.73052978515625,0.2,0.02273128889501095,0.0003
34.51,378880,2688,94.26400472971063,185,140,32.096920013427734,188,0.015234401,489.1252212524414,0.07999999076128006,0.2138671875,0.0037560462951660156,240.4322967529297,0.2,0.015293324366211891,0.0003
34.69,380928,2688,94.66439999050066,186,141,32.096920013427734,189,0.01811548,481.8051818847656,0.07999999076128006,0.23515625,0.004007101058959961,211.9355926513672,0.2,0.010242347605526447,0.0003
34.74,382976,2688,94.77774606448014,187,142,32.096920013427734,190,0.018003661,447.4198791503906,0.07999999076128006,0.25234375,0.004258394241333008,246.44329833984375,0.2,0.011785050481557846,0.0003
34.79,385024,2688,94.86094396203694,188,143,32.096920013427734,191,0.01552743,455.0281473795573,0.07999999076128006,0.20572916666666666,0.004473388195037842,232.1652069091797,0.2,0.010621783013145128,0.0003
34.71,387072,2688,94.6607063237261,189,143,32.096920013427734,192,0.016335895,477.2344970703125,0.07999999076128006,0.2158203125,0.004453599452972412,237.1429443359375,0.2,0.011550519382581115,0.0003
34.66,389120,2688,94.54588136195525,190,144,32.096920013427734,193,0.014880351,496.80579376220703,0.07999999076128006,0.1923828125,0.004731476306915283,248.5290069580078,0.2,0.013656002935022116,0.0003
34.66,391168,2688,94.47531893432318,191,145,32.096920013427734,194,0.018726198,493.6034749348958,0.07999999076128006,0.2552083333333333,0.0049839019775390625,249.6433563232422,0.2,0.010127668889860312,0.0003
34.73,393216,2688,94.56634727122515,192,146,32.096920013427734,195,0.021306511,477.03506088256836,0.07999999076128006,0.2890625,0.005892634391784668,235.67991638183594,0.2,0.014029832207597792,0.0003
34.91,395264,2687,94.96376056316248,193,147,32.096920013427734,196,0.015693361,475.45546468098956,0.07999999076128006,0.203125,0.007551431655883789,233.32623291015625,0.2,0.013867319251100222,0.0003
34.89,397312,2686,94.86976414852435,194,147,32.096920013427734,197,0.01711806,457.7272135416667,0.07999999076128006,0.21744791666666666,0.008293747901916504,210.70338439941406,0.2,0.0029631387442350388,0.0003
34.94,399360,2686,94.98051601832401,195,148,32.096920013427734,198,0.01937659,478.6998977661133,0.07999999076128006,0.2275390625,0.008935034275054932,241.50074768066406,0.2,0.013262219727039337,0.0003
34.99,401408,2686,95.09607051095152,196,149,32.096920013427734,199,0.019728687,469.46984100341797,0.07999999076128006,0.244140625,0.010533571243286133,225.78201293945312,0.2,0.013492567464709282,0.0003
34.91,403456,2686,94.90034888766931,197,150,32.096920013427734,200,0.02007068,482.06885528564453,0.07999999076128006,0.23828125,0.01226574182510376,245.75596618652344,0.2,0.01607023028191179,0.0003
34.92,405504,2686,94.9491334471515,198,150,32.096920013427734,201,0.0126863895,478.4234313964844,0.07999999076128006,0.1796875,0.015004515647888184,239.0988311767578,0.2,0.0021569235250353813,0.0003
34.99,407552,2686,95.12682225987426,199,151,32.096920013427734,202,0.014388024,451.98630777994794,0.07999999076128006,0.1953125,0.017957091331481934,224.73507690429688,0.2,0.011731120447317759,0.0003
34.86,409600,2686,94.85077084839264,200,152,32.096920013427734,203,0.017144587,447.40797424316406,0.07999999076128006,0.2021484375,0.021286189556121826,208.05819702148438,0.2,0.006636370671913028,0.0003
34.86,411648,2686,94.83428898619314,201,153,32.096920013427734,204,0.016894666,460.9599609375,0.07999999076128006,0.2234375,0.026139795780181885,234.33348083496094,0.2,0.021556723583489656,0.0003
34.94,413696,2686,94.9984004299975,202,153,32.096920013427734,205,0.01812834,469.4696350097656,0.07999999076128006,0.2177734375,0.03483802080154419,226.53822326660156,0.2,0.004856521380133927,0.0003
34.81,415744,2685,94.72176363384577,203,154,32.096920013427734,206,0.01413185,476.57603454589844,0.07999999076128006,0.1884765625,0.03999614715576172,237.2038116455078,0.2,0.0150302869733423,0.0003
34.87,417792,2684,94.9179642999287,204,155,32.096920013427734,207,0.01200839,468.2550048828125,0.07999999076128006,0.1611328125,0.04818391799926758,240.18077087402344,0.2,0.0005085188895463943,0.0003
34.94,419840,2683,95.07888938406883,205,156,32.096920013427734,208,0.014419639,435.9414571126302,0.07999999076128006,0.17838541666666666,0.061028897762298584,206.29425048828125,0.2,0.015559732293089231,0.0003
34.89,421888,2683,94.9767213421847,206,157,32.096920013427734,209,0.014160618,435.7216796875,0.07999999076128006,0.17447916666666666,0.0724530816078186,231.98898315429688,0.2,0.024610306757191818,0.0003
34.8,423936,2683,94.74082392699472,207,157,32.096920013427734,210,0.016922973,420.16016387939453,0.07999999076128006,0.22265625,0.08474773168563843,206.59315490722656,0.2,0.012070005061104894,0.0003
34.76,425984,2683,94.65454185214242,208,158,32.096920013427734,211,0.014499094,453.4769515991211,0.07999999076128006,0.189453125,0.1160094141960144,221.49024963378906,0.2,0.006801204290241003,0.0003
34.69,428032,2682,94.51271989581853,209,159,32.096920013427734,212,0.018141314,419.48863220214844,0.07999999076128006,0.2255859375,0.15916401147842407,198.84716796875,0.2,0.01759924739599228,0.0003
34.8,430080,2682,94.75092338466453,210,160,32.096920013427734,213,0.016888002,398.70708618164065,0.07999999076128006,0.23125,0.21196770668029785,186.35641479492188,0.2,0.0163064356893301,0.0003
34.71,432128,2682,94.50720511753799,211,161,32.096920013427734,214,0.015580008,345.40009765625,0.07999999076128006,0.2109375,0.32383304834365845,180.14065551757812,0.2,0.011348289251327515,0.0003
34.63,434176,2682,94.29885370115522,212,161,32.096920013427734,215,0.018553752,282.11004420689176,0.07999999076128006,0.26395089285714285,0.45354729890823364,122.25508117675781,0.2,0.013369228424770492,0.0003
34.6,436224,2681,94.2585443807825,213,162,32.096920013427734,216,0.017681342,228.13751525878905,0.07999999076128006,0.23359375,0.6398146152496338,121.0134506225586,0.2,0.01365485806018114,0.0003
34.53,438272,2681,94.12223106768938,214,163,32.096920013427734,217,0.013685856,216.8098602294922,0.07999999076128006,0.1796875,0.697290301322937,112.16822814941406,0.2,0.005244975443929434,0.0003
34.54,440320,2681,94.17808098914873,215,164,32.096920013427734,218,0.018236812,220.83257675170898,0.07999999076128006,0.2314453125,0.7151577472686768,119.63175201416016,0.2,0.01447386434301734,0.0003
34.49,442368,2679,94.01588407880881,216,165,32.096920013427734,219,0.015330395,222.06776809692383,0.07999999076128006,0.19921875,0.7261645793914795,99.8418197631836,0.2,0.01895756321027875,0.0003
34.56,444416,2678,94.22555335650615,217,165,32.096920013427734,220,0.014761033,207.95692825317383,0.07999999076128006,0.208984375,0.7316299080848694,93.39540100097656,0.2,0.010579665657132864,0.0003
34.54,446464,2677,94.2277133494611,218,166,32.096920013427734,221,0.017308533,203.37594604492188,0.07999999076128006,0.23307291666666666,0.7305494546890259,105.02098083496094,0.2,0.007430131081491709,0.0003
34.51,448512,2676,94.14207367818686,219,167,32.096920013427734,222,0.014206543,201.96281051635742,0.07999999076128006,0.19140625,0.7131068706512451,91.2977523803711,0.2,0.015533050755038857,0.0003
34.55,450560,2675,94.22251880512795,220,168,32.096920013427734,223,0.01737339,200.86697387695312,0.07999999076128006,0.2333984375,0.7223891019821167,115.80599212646484,0.2,0.011202627094462514,0.0003
34.63,452608,2674,94.40149476185259,221,169,32.096920013427734,224,0.014869681,211.47577209472655,0.07999999076128006,0.2015625,0.7119472026824951,85.8906478881836,0.2,0.00493270717561245,0.0003
34.75,454656,2674,94.63357154678364,222,170,32.096920013427734,225,0.020049987,212.19270133972168,0.07999999076128006,0.28466796875,0.7265245914459229,100.92285919189453,0.2,0.01857240404933691,0.0003
34.62,456704,2674,94.34811015355868,223,170,32.096920013427734,226,0.015189421,203.1066551208496,0.07999999076128006,0.1962890625,0.7427245378494263,109.2804183959961,0.2,0.02318274788558483,0.0003
34.68,458752,2673,94.4701042509727,224,171,32.096920013427734,227,0.019788641,191.35321426391602,0.07999999076128006,0.2548828125,0.7450346946716309,98.47471618652344,0.2,0.01566081028431654,0.0003
34.79,460800,2673,94.6533872390276,225,172,32.096920013427734,228,0.017176699,200.58130264282227,0.07999999076128006,0.208984375,0.7447670698165894,93.8692626953125,0.2,0.0030736986082047224,0.0003
34.77,462848,2673,94.50486449548544,226,173,32.096920013427734,229,0.019032603,197.35023803710936,0.07999999076128006,0.26328125,0.7486907243728638,104.15711975097656,0.2,0.01907698679715395,0.0003
34.93,464896,2673,94.84825996425617,227,173,32.096920013427734,230,0.021802207,188.84160723005022,0.07999999076128006,0.30636160714285715,0.7523131370544434,87.44468688964844,0.2,0.021983958913811615,0.0003
34.88,466944,2672,94.7147223143677,228,174,32.096920013427734,231,0.014507194,201.10291544596353,0.07999999076128006,0.19401041666666666,0.7545372247695923,114.5684814453125,0.2,0.009486302733421326,0.0003
34.76,468992,2672,94.49307054444678,229,175,32.096920013427734,232,0.01869292,204.6685791015625,0.07999999076128006,0.24609375,0.7471040487289429,99.84862518310547,0.2,0.012357779778540134,0.0003
34.82,471040,2672,94.68572555319928,230,176,32.096920013427734,233,0.018136377,192.24556350708008,0.07999999076128006,0.232421875,0.7517465949058533,92.822998046875,0.2,0.006224706768989563,0.0003
34.94,473088,2672,94.93694703333026,231,177,32.096920013427734,234,0.016236627,189.2470817565918,0.07999999076128006,0.2119140625,0.7538198232650757,88.54232025146484,0.2,0.013947189319878817,0.0003
34.89,475136,2672,94.79813761734374,232,177,32.096920013427734,235,0.012041412,187.74355697631836,0.07999999076128006,0.16015625,0.7548110485076904,91.25931549072266,0.2,0.00612854678183794,0.0003
34.85,477184,2672,94.71533572382582,233,178,32.096920013427734,236,0.016101304,177.91321182250977,0.07999999076128006,0.203125,0.7571295499801636,88.52235412597656,0.2,0.01594355679117143,0.0003
34.66,479232,2671,94.30301407951173,234,179,32.096920013427734,237,0.014888326,195.54971313476562,0.07999999076128006,0.2060546875,0.7571525573730469,103.04653930664062,0.2,0.013421251671388745,0.0003
34.48,481280,2671,93.8953853165631,235,180,32.096920013427734,238,0.01713189,189.22867431640626,0.07999999076128006,0.23359375,0.7435732483863831,90.76866149902344,0.2,0.015572205744683742,0.0003
34.48,483328,2671,93.95607827810564,236,180,32.096920013427734,239,0.015495481,180.74848175048828,0.07999999076128006,0.193359375,0.7526750564575195,89.47260284423828,0.2,0.008603381924331188,0.0003
34.5,485376,2671,94.04926600960101,237,181,32.096920013427734,240,0.016895402,179.87458190917968,0.07999999076128006,0.2296875,0.7585380673408508,79.80420684814453,0.2,0.010623014718294143,0.0003
34.41,487424,2671,93.83122281207199,238,182,32.096920013427734,241,0.019722331,180.2989501953125,0.07999999076128006,0.240234375,0.7692946791648865,93.4776611328125,0.2,0.014186250045895576,0.0003
34.39,489472,2671,93.76587441552694,239,183,32.096920013427734,242,0.01837213,166.07985305786133,0.07999999076128006,0.24609375,0.772489070892334,91.0718002319336,0.2,0.01888443878851831,0.0003
34.29,491520,2670,93.5938361101221,240,184,32.096920013427734,243,0.02123205,156.2212963104248,0.07999999076128006,0.26171875,0.780289351940155,62.829322814941406,0.2,0.012015958549454808,0.0003
34.23,493568,2670,93.54179777714731,241,184,32.096920013427734,244,0.016169958,175.66086196899414,0.07999999076128006,0.2275390625,0.7644065618515015,82.62950897216797,0.2,0.010680220322683454,0.0003
34.32,495616,2670,93.77057511301972,242,185,32.096920013427734,245,0.0127122495,186.40220642089844,0.07999999076128006,0.1728515625,0.7568062543869019,98.43985748291016,0.2,0.009398689726367593,0.0003
34.36,497664,2670,93.83413927062905,243,186,32.096920013427734,246,0.015604699,180.29754028320312,0.07999999076128006,0.21484375,0.7607366442680359,98.77719116210938,0.2,0.01570357456803322,0.0003
34.39,499712,2670,93.89593844371197,244,187,32.096920013427734,247,0.01549519,176.3325538635254,0.07999999076128006,0.1845703125,0.7719201445579529,77.36072540283203,0.2,0.009811957948841155,0.0003
34.5,501760,2670,94.17438797269115,245,187,32.096920013427734,248,0.018601317,171.01507949829102,0.07999999076128006,0.244140625,0.7832561731338501,97.7188720703125,0.2,0.01862643426284194,0.0003
34.63,503808,2670,94.4931632965239,246,188,32.096920013427734,249,0.015363136,168.26471252441405,0.07999999076128006,0.21328125,0.7797225713729858,77.70357513427734,0.2,0.013123374059796333,0.0003
34.6,505856,2669,94.4220078435271,247,189,32.096920013427734,250,0.01630706,161.54207458496094,0.07999999076128006,0.21640625,0.7896167039871216,74.25135040283203,0.2,0.014960590936243533,0.0003
34.71,507904,2669,94.67143599078636,248,190,32.096920013427734,251,0.013433735,165.98065948486328,0.07999999076128006,0.1982421875,0.7883235216140747,85.27973937988281,0.2,0.004462697310373187,0.0003
34.71,509952,2669,94.71605808600646,249,191,32.096920013427734,252,0.013238254,172.92122650146484,0.07999999076128006,0.18815104166666666,0.7778983116149902,77.0707015991211,0.2,0.011036593311776718,0.0003
34.8,512000,2669,94.91494407529062,250,191,32.096920013427734,253,0.013603119,175.45700454711914,0.07999999076128006,0.181640625,0.7659332752227783,90.2348861694336,0.2,0.007495090365409851,0.0003
34.9,514048,2669,95.13498268533594,251,192,32.096920013427734,254,0.012952234,175.74029541015625,0.07999999076128006,0.1875,0.7848931550979614,89.77720642089844,0.2,0.01596958260051906,0.0003
35.01,516096,2669,95.4246413624,252,193,32.096920013427734,255,0.016997473,156.98236389160155,0.07999999076128006,0.221875,0.7896682024002075,75.36637878417969,0.2,0.013411888293921948,0.0003
35.14,518144,2669,95.70961644211198,253,194,32.096920013427734,256,0.017498916,153.73606618245444,0.07999999076128006,0.23307291666666666,0.8021972179412842,76.3447494506836,0.2,0.013205140130594373,0.0003
35.07,520192,2668,95.55503049865189,254,194,32.096920013427734,257,0.019437388,156.9717254638672,0.07999999076128006,0.27421875,0.8027891516685486,70.68888092041016,0.2,0.023433020710945128,0.0003
34.97,522240,2668,95.35068717157213,255,195,32.096920013427734,258,0.014070476,166.22859700520834,0.07999999076128006,0.17447916666666666,0.7818565368652344,77.64102172851562,0.2,0.005270764076461394,0.0003
34.92,524288,2668,95.19191174880433,256,196,32.096920013427734,259,0.014611874,173.33692932128906,0.07999999076128006,0.1875,0.7881404161453247,81.8349609375,0.2,0.008081458508968353,0.0003
