rollout/ep_rew_mean,time/time_elapsed,time/fps,time/iterations,time/total_timesteps,rollout/ep_len_mean,train/value_loss,train/learning_rate,train/clip_range,train/explained_variance,train/entropy_loss,train/loss,train/std,train/clip_fraction,train/approx_kl,train/policy_gradient_loss,train/n_updates
322.920498519063,0,4486,1,526336,126.19,,,,,,,,,,,
314.4129312015476,0,4165,2,528384,123.44,187.45271949768068,0.0003,0.2,0.8220417499542236,32.096920013427734,39.249000549316406,0.07999999076128006,0.79345703125,5.368994,0.08083868967369198,1285
265.6773546574623,1,3885,3,530432,106.0,22.099598717689513,0.0003,0.2,0.9949283599853516,32.096920013427734,8.182572364807129,0.07999999076128006,0.967578125,306.75903,0.3035377798601985,1290
206.3221574581453,2,3886,4,532480,83.8,765.8172737121582,0.0003,0.2,0.793569803237915,32.096920013427734,114.21997833251953,0.07999999076128006,0.65546875,7.833716,0.07690042229369283,1295
156.0692736019579,2,3876,5,534528,65.26,366.8630317687988,0.0003,0.2,0.8801852464675903,32.096920013427734,84.9973373413086,0.07999999076128006,0.9576171875,79.02353,0.32907006874447686,1300
154.41948353679808,3,3877,6,536576,65.58,163.55902099609375,0.0003,0.2,0.9394358396530151,32.096920013427734,32.34564971923828,0.07999999076128006,0.866796875,79.30852,0.2505888831336051,1305
177.67968021673667,3,3802,7,538624,74.58,467.953088760376,0.0003,0.2,0.7790445685386658,32.096920013427734,80.96154022216797,0.07999999076128006,0.6232421875,10.072571,0.11967475542332977,1310
180.61090552468846,4,3779,8,540672,75.99,163.72108688354493,0.0003,0.2,0.8920020461082458,32.096920013427734,35.51023483276367,0.07999999076128006,0.95576171875,166.22906,0.31262850331841036,1315
180.90449858038573,4,3783,9,542720,74.39,63.15377798080444,0.0003,0.2,0.9378595352172852,32.096920013427734,15.415430068969727,0.07999999076128006,0.82822265625,92.87996,0.3715297212358564,1320
166.263646847902,5,3786,10,544768,66.5,60.069810676574704,0.0003,0.2,0.9229380488395691,32.096920013427734,15.111507415771484,0.07999999076128006,0.872265625,88.0633,0.23439603911247103,1325
158.52514600804142,5,3776,11,546816,63.69,20.804753029346465,0.0003,0.2,0.964621901512146,32.096920013427734,3.9831128120422363,0.07999999076128006,0.94501953125,266.97125,0.2604133354267105,1330
153.3266863771968,6,3789,12,548864,62.44,163.96689853668212,0.0003,0.2,0.85027676820755,32.096920013427734,34.53879165649414,0.07999999076128006,0.68828125,46.232155,0.14632511644158513,1335
153.1290314135556,7,3802,13,550912,63.42,128.3695623397827,0.0003,0.2,0.9060254693031311,32.096920013427734,29.179058074951172,0.07999999076128006,0.92578125,5.8920517,0.2001902720425278,1340
147.36995005421883,7,3813,14,552960,62.31,61.879694080352785,0.0003,0.2,0.9679296016693115,32.096920013427734,17.25003433227539,0.07999999076128006,0.863671875,18.913052,0.2046157183125615,1345
147.26541371885253,8,3823,15,555008,63.42,39.04071707725525,0.0003,0.2,0.9848178625106812,32.096920013427734,14.0919189453125,0.07999999076128006,0.85205078125,13.654226,0.1985300848726183,1350
152.1075745139558,8,3822,16,557056,66.47,16.816986632347106,0.0003,0.2,0.9899055361747742,32.096920013427734,5.623834133148193,0.07999999076128006,0.9248046875,175.69693,0.3521445403341204,1355
170.0937253506602,9,3827,17,559104,73.62,62.505159091949466,0.0003,0.2,0.9592540264129639,32.096920013427734,21.189632415771484,0.07999999076128006,0.77314453125,48.84473,0.2074287890922278,1360
182.76782622908277,9,3826,18,561152,78.45,44.32842683792114,0.0003,0.2,0.9484776854515076,32.096920013427734,14.042256355285645,0.07999999076128006,0.9646484375,69.948616,0.3110926838591695,1365
202.8678038113465,10,3824,19,563200,84.66,56.04877681732178,0.0003,0.2,0.9646037220954895,32.096920013427734,21.160419464111328,0.07999999076128006,0.7642578125,40.22938,0.17897697107400745,1370
219.98400539252196,10,3826,20,565248,89.82,54.568389129638675,0.0003,0.2,0.9740703105926514,32.096920013427734,22.11640739440918,0.07999999076128006,0.89931640625,42.191284,0.24970418312586845,1375
217.8925636960517,11,3827,21,567296,87.67,50.67458176612854,0.0003,0.2,0.9706743955612183,32.096920013427734,21.670930862426758,0.07999999076128006,0.93076171875,63.659576,0.29967069390695544,1380
207.98790931151666,11,3825,22,569344,82.99,100.1500144958496,0.0003,0.2,0.9243249297142029,32.096920013427734,25.34671401977539,0.07999999076128006,0.67294921875,0.68793595,0.0393518908880651,1385
176.3856901291821,12,3823,23,571392,70.87,37.940958452224734,0.0003,0.2,0.9605839848518372,32.096920013427734,14.153992652893066,0.07999999076128006,0.8994140625,4.0947666,0.16895727575756608,1390
160.66428980150107,12,3823,24,573440,64.9,20.217804622650146,0.0003,0.2,0.9770513772964478,32.096920013427734,7.492908477783203,0.07999999076128006,0.92080078125,20.621681,0.31663982635363935,1395
148.3201021589168,13,3825,25,575488,61.09,10.326087617874146,0.0003,0.2,0.9882956743240356,32.096920013427734,5.184573650360107,0.07999999076128006,0.9439453125,84.61249,0.26719188994029536,1400
140.28612000473774,13,3825,26,577536,58.72,25.535996770858766,0.0003,0.2,0.9756703972816467,32.096920013427734,8.831716537475586,0.07999999076128006,0.94541015625,125.26054,0.2862044143024832,1405
128.60305982552632,14,3829,27,579584,54.93,26.19668231010437,0.0003,0.2,0.960974395275116,32.096920013427734,8.957321166992188,0.07999999076128006,0.85302734375,43.27988,0.22078197514638304,1410
107.93170587771725,14,3834,28,581632,46.86,57.8089720249176,0.0003,0.2,0.8688302040100098,32.096920013427734,12.062065124511719,0.07999999076128006,0.7287109375,13.160955,0.14498942168429493,1415
103.0972453549216,15,3837,29,583680,45.02,16.068397045135498,0.0003,0.2,0.9732851982116699,32.096920013427734,5.883090019226074,0.07999999076128006,0.94404296875,69.57018,0.26253203563392163,1420
109.62685654771498,16,3838,30,585728,47.57,12.022039604187011,0.0003,0.2,0.9800241589546204,32.096920013427734,5.168015003204346,0.07999999076128006,0.9416015625,102.2978,0.2712176979985088,1425
113.75577018992234,16,3837,31,587776,49.98,25.612922048568727,0.0003,0.2,0.9546043872833252,32.096920013427734,8.837423324584961,0.07999999076128006,0.88271484375,83.53586,0.1705889744043816,1430
119.98269623154464,17,3838,32,589824,52.71,24.480553364753725,0.0003,0.2,0.9631818532943726,32.096920013427734,8.120841979980469,0.07999999076128006,0.9029296875,103.60725,0.22475113309919834,1435
124.28363081210153,17,3839,33,591872,55.01,10.388704907894134,0.0003,0.2,0.9896401166915894,32.096920013427734,5.02263069152832,0.07999999076128006,0.95498046875,136.13165,0.3134595139883459,1440
118.59717502220973,18,3839,34,593920,52.72,24.93563370704651,0.0003,0.2,0.9664166569709778,32.096920013427734,6.661678314208984,0.07999999076128006,0.7625,9.157358,0.11974832955747843,1445
107.37852272938031,18,3840,35,595968,47.86,7.109321415424347,0.0003,0.2,0.9786607623100281,32.096920013427734,2.0242464542388916,0.07999999076128006,0.9138671875,52.59529,0.27918605532031504,1450
103.02018366816914,19,3843,36,598016,46.05,8.237401175498963,0.0003,0.2,0.9799976944923401,32.096920013427734,2.7302112579345703,0.07999999076128006,0.9060546875,4.94557,0.2035133379045874,1455
95.81936806477643,19,3846,37,600064,43.79,3.6112395942211153,0.0003,0.2,0.9907248020172119,32.096920013427734,1.5923047065734863,0.07999999076128006,0.92294921875,32.945435,0.23930375999771059,1460
90.2112750555814,20,3850,38,602112,42.12,8.374911868572235,0.0003,0.2,0.9802817702293396,32.096920013427734,2.805211305618286,0.07999999076128006,0.84814453125,4.4182696,0.1356032429728657,1465
90.4689672139015,20,3851,39,604160,41.73,2.7744320005178453,0.0003,0.2,0.9932018518447876,32.096920013427734,1.4388693571090698,0.07999999076128006,0.928515625,22.894066,0.2678617833182216,1470
96.91750961607276,21,3853,40,606208,43.2,2.2355547517538072,0.0003,0.2,0.9961147904396057,32.096920013427734,1.2343268394470215,0.07999999076128006,0.90087890625,29.472958,0.1908473855815828,1475
100.26745476097716,21,3853,41,608256,44.04,1.8355242490768433,0.0003,0.2,0.9972323775291443,32.096920013427734,1.0895599126815796,0.07999999076128006,0.9373046875,41.746178,0.26486314786598086,1480
100.62675392706801,22,3853,42,610304,44.11,2.3418728440999983,0.0003,0.2,0.9949681758880615,32.096920013427734,1.304718017578125,0.07999999076128006,0.92607421875,9.400816,0.1816082128789276,1485
102.13636919641549,22,3855,43,612352,44.59,1.2496266975998878,0.0003,0.2,0.9975806474685669,32.096920013427734,0.8570067882537842,0.07999999076128006,0.92734375,17.057278,0.22221594816073775,1490
105.03060309024205,23,3857,44,614400,45.64,1.2409582301974296,0.0003,0.2,0.9977167248725891,32.096920013427734,0.9287360310554504,0.07999999076128006,0.94033203125,732.5721,0.2911628383211792,1495
107.87961440613427,23,3858,45,616448,46.62,1.1771375194191933,0.0003,0.2,0.9986203908920288,32.096920013427734,0.8632453083992004,0.07999999076128006,0.92470703125,11.706777,0.24270356297492982,1500
110.62539456922683,24,3858,46,618496,47.35,1.4196563825011252,0.0003,0.2,0.9983600974082947,32.096920013427734,1.0704278945922852,0.07999999076128006,0.9138671875,7.690448,0.23448663810268044,1505
111.6715398223571,24,3860,47,620544,47.49,1.69692921936512,0.0003,0.2,0.9972596168518066,32.096920013427734,1.0418609380722046,0.07999999076128006,0.9205078125,8.52699,0.18263523168861867,1510
112.16079991386673,25,3861,48,622592,47.63,1.3913325816392899,0.0003,0.2,0.9978669881820679,32.096920013427734,1.0034387111663818,0.07999999076128006,0.93583984375,12.574523,0.23366413400508462,1515
112.81099708379651,26,3858,49,624640,48.16,1.3855337768793106,0.0003,0.2,0.9977359175682068,32.096920013427734,0.8922395706176758,0.07999999076128006,0.9076171875,11.354792,0.1949824900366366,1520
115.38953447812008,26,3856,50,626688,49.18,1.356630939245224,0.0003,0.2,0.9983974099159241,32.096920013427734,1.1005322933197021,0.07999999076128006,0.9228515625,37.52218,0.2690702595282346,1525
117.45939360169322,27,3856,51,628736,49.75,2.289041191339493,0.0003,0.2,0.9971011877059937,32.096920013427734,1.3152949810028076,0.07999999076128006,0.87138671875,5.8906374,0.18279178761877118,1530
120.39438852082874,27,3857,52,630784,50.77,2.055818405747414,0.0003,0.2,0.9973891377449036,32.096920013427734,1.1120119094848633,0.07999999076128006,0.89599609375,16.091335,0.17269228869117798,1535
123.33593071712448,28,3857,53,632832,51.95,2.638759472966194,0.0003,0.2,0.9953936338424683,32.096920013427734,1.5126376152038574,0.07999999076128006,0.90078125,7.68379,0.18232156694866716,1540
125.90222252900944,28,3851,54,634880,53.26,2.2532506555318834,0.0003,0.2,0.9973763823509216,32.096920013427734,1.6762263774871826,0.07999999076128006,0.8974609375,10.76436,0.18048425260931253,1545
128.91376162727155,29,3848,55,636928,54.4,3.3511240124702453,0.0003,0.2,0.9962044358253479,32.096920013427734,1.818504810333252,0.07999999076128006,0.90849609375,18.538866,0.19897853154689074,1550
131.09167243528086,29,3847,56,638976,55.09,3.129954034090042,0.0003,0.2,0.9965428709983826,32.096920013427734,1.793936014175415,0.07999999076128006,0.871484375,5.375099,0.16408485344145446,1555
134.09591136097353,30,3848,57,641024,55.85,2.6658660054206846,0.0003,0.2,0.9973853826522827,32.096920013427734,1.6021671295166016,0.07999999076128006,0.89970703125,4.3633175,0.21254258649423718,1560
134.06105476439004,30,3850,58,643072,55.65,3.2074881196022034,0.0003,0.2,0.9970627427101135,32.096920013427734,1.807418704032898,0.07999999076128006,0.8912109375,7.2695036,0.18303613145835698,1565
135.78247061974696,31,3852,59,645120,56.13,4.677250248193741,0.0003,0.2,0.995727002620697,32.096920013427734,2.6396944522857666,0.07999999076128006,0.91962890625,8.31487,0.2312855408526957,1570
136.15834852363395,31,3853,60,647168,56.25,3.999356824159622,0.0003,0.2,0.9964866042137146,32.096920013427734,2.2176430225372314,0.07999999076128006,0.86416015625,1.8777194,0.12914306465536357,1575
139.90499677760852,32,3854,61,649216,57.69,6.3655167579650875,0.0003,0.2,0.99449223279953,32.096920013427734,3.559044599533081,0.07999999076128006,0.9251953125,11.724037,0.21832174666924403,1580
143.7011541247606,32,3856,62,651264,59.14,8.458856976032257,0.0003,0.2,0.9891673922538757,32.096920013427734,3.2588233947753906,0.07999999076128006,0.747265625,2.9694724,0.06458609174005688,1585
149.75047875120453,33,3857,63,653312,61.32,7.175865280628204,0.0003,0.2,0.992826521396637,32.096920013427734,3.3669724464416504,0.07999999076128006,0.8400390625,2.1389544,0.12974173587281257,1590
154.3215790473777,33,3857,64,655360,62.91,7.016446149349212,0.0003,0.2,0.9944180846214294,32.096920013427734,3.5109245777130127,0.07999999076128006,0.8359375,1.4232447,0.10656460151076316,1595
157.3655864140383,34,3856,65,657408,64.04,7.598751544952393,0.0003,0.2,0.9946906566619873,32.096920013427734,3.3729186058044434,0.07999999076128006,0.81416015625,1.0371357,0.10008864901028573,1600
162.13555040377707,35,3857,66,659456,65.91,9.219474053382873,0.0003,0.2,0.9931840896606445,32.096920013427734,4.5432820320129395,0.07999999076128006,0.84375,3.2633095,0.08886609403416515,1605
167.77084527486454,35,3859,67,661504,68.14,11.107549047470092,0.0003,0.2,0.992343544960022,32.096920013427734,6.5795488357543945,0.07999999076128006,0.7732421875,0.7783624,0.06149548636749387,1610
173.0247282892819,36,3858,68,663552,70.2,9.078323483467102,0.0003,0.2,0.9943265318870544,32.096920013427734,5.114380836486816,0.07999999076128006,0.81865234375,2.9905157,0.12496932237409056,1615
179.4006771004014,36,3859,69,665600,72.61,13.71105444431305,0.0003,0.2,0.9915051460266113,32.096920013427734,8.052289962768555,0.07999999076128006,0.76298828125,0.4226848,0.05670484860893339,1620
184.969312596198,37,3861,70,667648,74.72,14.657427215576172,0.0003,0.2,0.9905661344528198,32.096920013427734,4.412071228027344,0.07999999076128006,0.7005859375,0.3463486,0.0329233267577365,1625
192.97414333330892,37,3862,71,669696,77.74,22.424801301956176,0.0003,0.2,0.9860619902610779,32.096920013427734,11.766092300415039,0.07999999076128006,0.66240234375,0.25843006,0.023864323494490237,1630
201.45214712693294,38,3863,72,671744,81.05,22.638860177993774,0.0003,0.2,0.986922562122345,32.096920013427734,8.079337120056152,0.07999999076128006,0.66923828125,0.15020685,0.023304963228292765,1635
206.1485365706675,38,3864,73,673792,82.81,28.240254497528078,0.0003,0.2,0.9860954880714417,32.096920013427734,13.914074897766113,0.07999999076128006,0.71064453125,0.49709928,0.04517402921337634,1640
210.0834959714725,39,3866,74,675840,84.28,20.210150170326234,0.0003,0.2,0.9891448616981506,32.096920013427734,7.5442328453063965,0.07999999076128006,0.71005859375,0.37177628,0.03274020105600357,1645
216.22901572158182,39,3867,75,677888,86.71,27.694595623016358,0.0003,0.2,0.9858187437057495,32.096920013427734,14.748023986816406,0.07999999076128006,0.7072265625,0.33026513,0.04824770435225219,1650
216.84844446096469,40,3869,76,679936,87.03,30.104967641830445,0.0003,0.2,0.9864547252655029,32.096920013427734,13.105547904968262,0.07999999076128006,0.6705078125,0.19228145,0.0072155531728640195,1655
221.38542798736322,40,3870,77,681984,88.88,36.369806909561156,0.0003,0.2,0.9821454286575317,32.096920013427734,16.3209285736084,0.07999999076128006,0.70908203125,0.23559579,0.04649058780050837,1660
222.19045463723515,41,3872,78,684032,89.38,42.09017324447632,0.0003,0.2,0.9817137122154236,32.096920013427734,14.877398490905762,0.07999999076128006,0.7130859375,0.22611201,0.03080814308486879,1665
219.14391129702983,41,3873,79,686080,88.29,39.91004776954651,0.0003,0.2,0.9829614758491516,32.096920013427734,19.53203582763672,0.07999999076128006,0.64072265625,0.15556368,0.006646678666584194,1670
219.78546290263665,42,3874,80,688128,88.59,30.90538363456726,0.0003,0.2,0.9859258532524109,32.096920013427734,11.888869285583496,0.07999999076128006,0.6703125,0.31605065,0.026503882859833537,1675
218.31734023446023,42,3875,81,690176,88.1,27.933317375183105,0.0003,0.2,0.987389326095581,32.096920013427734,14.200138092041016,0.07999999076128006,0.7328125,0.29470548,0.02827492046635598,1680
216.2131971322052,43,3876,82,692224,87.17,22.08893985748291,0.0003,0.2,0.9893836379051208,32.096920013427734,9.413232803344727,0.07999999076128006,0.69296875,0.28342873,0.00647228293819353,1685
217.3787916258565,43,3878,83,694272,87.66,22.981094312667846,0.0003,0.2,0.9896565675735474,32.096920013427734,8.454875946044922,0.07999999076128006,0.7626953125,0.4455496,0.04241436772281304,1690
216.5707743249628,44,3879,84,696320,87.32,20.88361735343933,0.0003,0.2,0.9905804395675659,32.096920013427734,9.436141967773438,0.07999999076128006,0.75517578125,0.3973838,0.04387782311532647,1695
215.48111613262415,44,3880,85,698368,86.71,24.795673179626466,0.0003,0.2,0.9881051182746887,32.096920013427734,15.080063819885254,0.07999999076128006,0.72333984375,0.401699,0.03173557724803686,1700
215.24453824946622,45,3881,86,700416,86.66,22.490892219543458,0.0003,0.2,0.9888445734977722,32.096920013427734,8.801112174987793,0.07999999076128006,0.744140625,0.39509234,0.03762649220880121,1705
216.2958143623854,45,3882,87,702464,86.98,26.67540979385376,0.0003,0.2,0.9872003793716431,32.096920013427734,12.884072303771973,0.07999999076128006,0.74296875,0.4907158,0.04189076783368364,1710
219.13241932494483,46,3882,88,704512,87.98,28.252724742889406,0.0003,0.2,0.9875372648239136,32.096920013427734,10.316292762756348,0.07999999076128006,0.64365234375,0.22304243,0.008424210152588785,1715
222.89232604611894,46,3884,89,706560,89.39,29.912127113342287,0.0003,0.2,0.9869382977485657,32.096920013427734,14.824885368347168,0.07999999076128006,0.74482421875,0.44105297,0.05093393886927515,1720
224.19109461896406,47,3885,90,708608,90.0,29.31401824951172,0.0003,0.2,0.9874772429466248,32.096920013427734,15.244396209716797,0.07999999076128006,0.72900390625,0.32777482,0.026630226825363933,1725
230.01927640933565,47,3886,91,710656,92.31,51.6882119178772,0.0003,0.2,0.9752132296562195,32.096920013427734,20.94215202331543,0.07999999076128006,0.73564453125,0.23395959,0.035700265178456904,1730
232.06616122085646,48,3887,92,712704,93.13,41.617886209487914,0.0003,0.2,0.985275149345398,32.096920013427734,16.14170265197754,0.07999999076128006,0.6916015625,0.2271587,0.021095726662315427,1735
228.8105646651211,48,3888,93,714752,91.95,39.346477842330934,0.0003,0.2,0.9814111590385437,32.096920013427734,15.705378532409668,0.07999999076128006,0.65009765625,0.21716121,0.01024031067499891,1740
229.1571636900412,49,3889,94,716800,92.19,42.635382080078124,0.0003,0.2,0.9797799587249756,32.096920013427734,16.549715042114258,0.07999999076128006,0.72080078125,0.25132823,0.02233697457704693,1745
222.1711520375345,50,3890,95,718848,89.67,25.862024068832397,0.0003,0.2,0.9895631670951843,32.096920013427734,12.180988311767578,0.07999999076128006,0.751171875,0.4887382,0.053495838824892415,1750
221.51443549791514,50,3890,96,720896,89.48,27.229278659820558,0.0003,0.2,0.9886413216590881,32.096920013427734,11.532758712768555,0.07999999076128006,0.7466796875,0.47498012,0.03825233338866383,1755
219.9686039179152,51,3891,97,722944,88.92,49.50331630706787,0.0003,0.2,0.9757930636405945,32.096920013427734,22.532865524291992,0.07999999076128006,0.6765625,0.17596723,0.007737307611387223,1760
219.03210915407715,51,3892,98,724992,88.49,60.40790395736694,0.0003,0.2,0.9756254553794861,32.096920013427734,30.8729248046875,0.07999999076128006,0.666796875,0.18037465,0.007050902699120343,1765
216.86009991744132,52,3893,99,727040,87.76,58.130469703674315,0.0003,0.2,0.9720264673233032,32.096920013427734,27.568342208862305,0.07999999076128006,0.6716796875,0.15683958,0.005993956932798028,1770
215.3898277755517,52,3894,100,729088,87.24,52.927344989776614,0.0003,0.2,0.9783217310905457,32.096920013427734,25.82234001159668,0.07999999076128006,0.67431640625,0.19049034,0.014388935884926467,1775
215.3028217943934,53,3895,101,731136,87.21,57.6850302696228,0.0003,0.2,0.976385772228241,32.096920013427734,31.440719604492188,0.07999999076128006,0.6916015625,0.17872211,0.011871819978114217,1780
211.69198334519012,53,3896,102,733184,86.12,59.19594297409058,0.0003,0.2,0.9744572639465332,32.096920013427734,25.90671730041504,0.07999999076128006,0.66875,0.2263653,0.020851004717405884,1785
213.26413694321639,54,3896,103,735232,86.53,69.43028821945191,0.0003,0.2,0.9715383648872375,32.096920013427734,32.74303436279297,0.07999999076128006,0.70068359375,0.19224125,0.014806865132413805,1790
214.92740961508554,54,3897,104,737280,86.97,47.757452392578124,0.0003,0.2,0.9807389378547668,32.096920013427734,25.63689422607422,0.07999999076128006,0.716796875,0.2094829,0.019100581237580627,1795
214.2003898697499,55,3898,105,739328,86.84,43.82980756759643,0.0003,0.2,0.9807965159416199,32.096920013427734,25.644271850585938,0.07999999076128006,0.71826171875,0.37535602,0.03914991486817598,1800
223.6758422205296,55,3899,106,741376,89.97,42.15290651321411,0.0003,0.2,0.9822195768356323,32.096920013427734,20.601585388183594,0.07999999076128006,0.71884765625,0.29159316,0.024464322853600607,1805
223.34044035658854,56,3899,107,743424,89.82,53.55272054672241,0.0003,0.2,0.9726313352584839,32.096920013427734,21.985673904418945,0.07999999076128006,0.71943359375,0.33159918,0.03045312112662941,1810
223.3192800003416,56,3900,108,745472,89.83,37.82450242042542,0.0003,0.2,0.9846019744873047,32.096920013427734,16.039592742919922,0.07999999076128006,0.71298828125,0.32210383,0.013851475564297288,1815
227.39384301385653,57,3901,109,747520,91.21,51.59557790756226,0.0003,0.2,0.9788661599159241,32.096920013427734,25.610122680664062,0.07999999076128006,0.682421875,0.26755905,0.015614674333482981,1820
227.8485639464703,57,3902,110,749568,91.35,42.883780527114865,0.0003,0.2,0.9809297919273376,32.096920013427734,19.195083618164062,0.07999999076128006,0.71005859375,0.25569832,0.024648083106148987,1825
229.42278301807784,58,3902,111,751616,91.89,39.06366114616394,0.0003,0.2,0.983119547367096,32.096920013427734,17.316165924072266,0.07999999076128006,0.7705078125,0.43714443,0.04595371700124815,1830
234.32899250241024,58,3903,112,753664,93.81,32.76345553398132,0.0003,0.2,0.9877312779426575,32.096920013427734,15.624857902526855,0.07999999076128006,0.71376953125,0.22454113,0.017989569541532545,1835
231.4702452721478,59,3904,113,755712,92.85,41.18611588478088,0.0003,0.2,0.9835513830184937,32.096920013427734,19.152006149291992,0.07999999076128006,0.78017578125,0.51910555,0.06148515674285591,1840
228.38499762067494,59,3904,114,757760,91.91,56.55266027450561,0.0003,0.2,0.9722825288772583,32.096920013427734,26.11445426940918,0.07999999076128006,0.691796875,0.20722689,0.01966914248187095,1845
230.60038688388616,60,3905,115,759808,92.9,59.4502293586731,0.0003,0.2,0.976353645324707,32.096920013427734,24.07237434387207,0.07999999076128006,0.67451171875,0.21702534,0.009242531703785061,1850
225.1571017116473,60,3905,116,761856,90.95,49.721966457366946,0.0003,0.2,0.9810901880264282,32.096920013427734,22.578529357910156,0.07999999076128006,0.712109375,0.37143344,0.022729780292138457,1855
231.23046804843705,61,3906,117,763904,92.83,63.58524408340454,0.0003,0.2,0.9713551998138428,32.096920013427734,26.91490936279297,0.07999999076128006,0.6919921875,0.21850635,0.023344736266881227,1860
235.7571970979494,61,3907,118,765952,94.44,36.53900237083435,0.0003,0.2,0.9847863912582397,32.096920013427734,18.0917911529541,0.07999999076128006,0.7734375,0.5672847,0.0578668667934835,1865
237.4275425619055,62,3907,119,768000,94.87,38.857570028305055,0.0003,0.2,0.9834108948707581,32.096920013427734,20.300392150878906,0.07999999076128006,0.70537109375,0.38918388,0.03029335755854845,1870
236.2487297965102,62,3908,120,770048,94.43,44.30527229309082,0.0003,0.2,0.9831803441047668,32.096920013427734,18.142215728759766,0.07999999076128006,0.75361328125,0.32945183,0.033971257146913555,1875
241.25697601556485,63,3908,121,772096,96.11,50.379925918579104,0.0003,0.2,0.9781115055084229,32.096920013427734,23.903854370117188,0.07999999076128006,0.70830078125,0.2916177,0.013326071633491665,1880
237.43579019505552,63,3909,122,774144,94.72,44.47340493202209,0.0003,0.2,0.9828553199768066,32.096920013427734,17.54517936706543,0.07999999076128006,0.73134765625,0.3343803,0.026952503563370554,1885
236.1634397155567,64,3909,123,776192,94.35,61.08177471160889,0.0003,0.2,0.9730014204978943,32.096920013427734,23.59132957458496,0.07999999076128006,0.71533203125,0.29900277,0.016707770805805922,1890
237.14194425648037,64,3910,124,778240,94.6,49.43241157531738,0.0003,0.2,0.9803687334060669,32.096920013427734,22.801977157592773,0.07999999076128006,0.75732421875,0.5756262,0.056699292158009486,1895
237.61774707682213,65,3911,125,780288,94.88,32.067611646652225,0.0003,0.2,0.9863877296447754,32.096920013427734,12.919190406799316,0.07999999076128006,0.823828125,2.9512415,0.11645431900396944,1900
235.26951699211324,65,3911,126,782336,93.96,29.83189821243286,0.0003,0.2,0.9856400489807129,32.096920013427734,11.31728458404541,0.07999999076128006,0.89482421875,4.2848406,0.2076124068815261,1905
229.17677673530866,66,3911,127,784384,91.54,27.0377459526062,0.0003,0.2,0.9866605401039124,32.096920013427734,10.4343900680542,0.07999999076128006,0.75126953125,1.1016607,0.07580644809640943,1910
224.55351843025045,67,3911,128,786432,89.62,29.64546489715576,0.0003,0.2,0.9796454906463623,32.096920013427734,9.920241355895996,0.07999999076128006,0.7861328125,1.1137532,0.07983422642573715,1915
214.58166148380147,67,3911,129,788480,85.76,18.39069366455078,0.0003,0.2,0.9920033812522888,32.096920013427734,8.102502822875977,0.07999999076128006,0.844921875,3.718595,0.14060075087472795,1920
202.56882039395094,68,3911,130,790528,81.28,17.278604674339295,0.0003,0.2,0.9875487089157104,32.096920013427734,7.1813201904296875,0.07999999076128006,0.79423828125,1.8638165,0.07935532735427842,1925
192.19781489731974,68,3912,131,792576,77.58,17.09042830467224,0.0003,0.2,0.9901970624923706,32.096920013427734,7.355952262878418,0.07999999076128006,0.8626953125,4.399122,0.16055677400436252,1930
190.1014339585334,69,3912,132,794624,76.76,29.92390670776367,0.0003,0.2,0.9850282669067383,32.096920013427734,13.839585304260254,0.07999999076128006,0.793359375,2.0449357,0.1041960799600929,1935
197.53884733247472,69,3913,133,796672,79.23,52.67483921051026,0.0003,0.2,0.9756045937538147,32.096920013427734,18.70513153076172,0.07999999076128006,0.83515625,0.97894347,0.1031199420336634,1940
204.76011910650533,70,3913,134,798720,81.85,48.18294744491577,0.0003,0.2,0.9792188405990601,32.096920013427734,23.502668380737305,0.07999999076128006,0.791015625,1.2237332,0.09222671180032194,1945
216.93542149306256,70,3913,135,800768,86.12,39.98368148803711,0.0003,0.2,0.9817299246788025,32.096920013427734,17.102842330932617,0.07999999076128006,0.832421875,4.8948154,0.14781512464396657,1950
221.09037040886523,71,3913,136,802816,87.73,72.27338514328002,0.0003,0.2,0.9692212343215942,32.096920013427734,32.565433502197266,0.07999999076128006,0.67490234375,0.23086652,0.00730593700427562,1955
219.79220865321844,71,3914,137,804864,87.42,56.92284736633301,0.0003,0.2,0.9755340814590454,32.096920013427734,26.6087589263916,0.07999999076128006,0.67607421875,0.3355265,0.01572718605166301,1960
226.5691516565465,72,3914,138,806912,89.74,64.57949104309083,0.0003,0.2,0.9726839661598206,32.096920013427734,26.1663761138916,0.07999999076128006,0.722265625,0.25494432,0.02058791087474674,1965
229.60802746811,72,3915,139,808960,90.89,133.43561420440673,0.0003,0.2,0.9526538252830505,32.096920013427734,52.036441802978516,0.07999999076128006,0.64697265625,0.15314862,-0.0019114256952889263,1970
233.98927822349467,73,3915,140,811008,92.63,62.926453590393066,0.0003,0.2,0.972393274307251,32.096920013427734,27.630277633666992,0.07999999076128006,0.68828125,0.39659634,0.01731683317339048,1975
239.8520899236034,73,3915,141,813056,94.79,82.06786670684815,0.0003,0.2,0.9707499742507935,32.096920013427734,41.46075439453125,0.07999999076128006,0.683984375,0.23401596,0.017066627065651117,1980
238.92360898863134,74,3916,142,815104,94.44,50.177189636230466,0.0003,0.2,0.9812316298484802,32.096920013427734,21.28009605407715,0.07999999076128006,0.7591796875,0.47917038,0.05323277348652482,1985
237.39956241814633,74,3916,143,817152,94.1,49.06967306137085,0.0003,0.2,0.97966068983078,32.096920013427734,21.02311897277832,0.07999999076128006,0.81083984375,1.5868499,0.10174557653954253,1990
230.602606305717,75,3917,144,819200,91.87,69.94544038772582,0.0003,0.2,0.9760764241218567,32.096920013427734,26.78180694580078,0.07999999076128006,0.7451171875,0.4686172,0.04602495131548494,1995
233.5349874970452,75,3917,145,821248,92.77,68.31791467666626,0.0003,0.2,0.9722927808761597,32.096920013427734,34.15789031982422,0.07999999076128006,0.70791015625,0.2841751,0.019628603174351156,2000
229.05765241351787,76,3918,146,823296,91.26,54.036959934234616,0.0003,0.2,0.9796147346496582,32.096920013427734,24.33628273010254,0.07999999076128006,0.7525390625,0.41335356,0.04072130357380956,2005
232.83823947613382,76,3918,147,825344,92.54,59.301479721069335,0.0003,0.2,0.9774780869483948,32.096920013427734,28.711570739746094,0.07999999076128006,0.72900390625,0.26330817,0.013064289349131286,2010
240.4058157448204,77,3919,148,827392,95.25,69.47723646163941,0.0003,0.2,0.9703114628791809,32.096920013427734,33.825252532958984,0.07999999076128006,0.72705078125,0.33916736,0.044585440400987865,2015
239.61122105938307,77,3919,149,829440,94.9,57.81830463409424,0.0003,0.2,0.9793313145637512,32.096920013427734,26.380537033081055,0.07999999076128006,0.794921875,0.51233536,0.0564512952696532,2020
242.88373582008364,78,3919,150,831488,95.94,48.626114463806154,0.0003,0.2,0.9795042872428894,32.096920013427734,20.81544303894043,0.07999999076128006,0.74853515625,0.53270835,0.0518699124106206,2025
243.3325216179662,78,3920,151,833536,96.04,54.288313484191896,0.0003,0.2,0.9775120615959167,32.096920013427734,30.47003173828125,0.07999999076128006,0.76533203125,0.41014433,0.04569391096010804,2030
235.33245166548437,79,3920,152,835584,93.02,48.58100786209106,0.0003,0.2,0.9818453788757324,32.096920013427734,22.130327224731445,0.07999999076128006,0.68330078125,0.24317983,0.011574276839382946,2035
230.8323860916636,79,3920,153,837632,91.37,46.68701515197754,0.0003,0.2,0.982170045375824,32.096920013427734,21.52058219909668,0.07999999076128006,0.7552734375,0.4673785,0.04032354480586946,2040
232.1988712653785,80,3921,154,839680,91.72,45.72798376083374,0.0003,0.2,0.9800081253051758,32.096920013427734,21.045345306396484,0.07999999076128006,0.77666015625,0.48864275,0.049808739521540704,2045
235.35529123825233,80,3921,155,841728,93.0,64.5103105545044,0.0003,0.2,0.9754422903060913,32.096920013427734,28.59423828125,0.07999999076128006,0.750390625,0.35667187,0.044553644489496946,2050
235.23654279336228,81,3922,156,843776,92.8,47.22280893325806,0.0003,0.2,0.9804139137268066,32.096920013427734,23.828235626220703,0.07999999076128006,0.75166015625,0.50903976,0.053307707712519914,2055
235.74016120395962,81,3922,157,845824,93.07,54.77260494232178,0.0003,0.2,0.9759631752967834,32.096920013427734,28.947237014770508,0.07999999076128006,0.7779296875,0.52352023,0.054636844841297716,2060
236.97016018416184,82,3922,158,847872,93.49,59.2846378326416,0.0003,0.2,0.9766649603843689,32.096920013427734,25.03661346435547,0.07999999076128006,0.76806640625,0.6136211,0.06327201162930578,2065
234.7942240123344,83,3922,159,849920,92.7,42.338403415679934,0.0003,0.2,0.9838666319847107,32.096920013427734,18.931135177612305,0.07999999076128006,0.86796875,4.9243417,0.13984575273934752,2070
233.82623111891672,83,3923,160,851968,92.57,69.99129905700684,0.0003,0.2,0.9693455100059509,32.096920013427734,24.032085418701172,0.07999999076128006,0.786328125,0.4929986,0.0670989443664439,2075
232.77178769800634,84,3923,161,854016,92.31,69.95273332595825,0.0003,0.2,0.9696055054664612,32.096920013427734,33.847530364990234,0.07999999076128006,0.73017578125,0.26772454,0.02178225773386657,2080
224.66768294770878,84,3924,162,856064,89.63,48.29984502792358,0.0003,0.2,0.9823408126831055,32.096920013427734,20.867198944091797,0.07999999076128006,0.8359375,3.2035897,0.114740425394848,2085
224.68841101035179,85,3924,163,858112,89.39,35.094731664657594,0.0003,0.2,0.9820157885551453,32.096920013427734,14.06690788269043,0.07999999076128006,0.8302734375,2.393352,0.12217986728064716,2090
223.64369435240397,85,3924,164,860160,88.66,38.04645848274231,0.0003,0.2,0.9817479252815247,32.096920013427734,17.186904907226562,0.07999999076128006,0.82685546875,0.8910024,0.0770652563078329,2095
221.70158698992924,86,3925,165,862208,87.91,41.52868099212647,0.0003,0.2,0.9829471111297607,32.096920013427734,20.848459243774414,0.07999999076128006,0.78662109375,0.70131147,0.065487868222408,2100
229.25762935470394,86,3925,166,864256,90.32,40.57972650527954,0.0003,0.2,0.984004557132721,32.096920013427734,19.401243209838867,0.07999999076128006,0.8376953125,1.0565711,0.07749000487383455,2105
234.31502991373011,87,3925,167,866304,92.22,62.58476762771606,0.0003,0.2,0.9744281768798828,32.096920013427734,31.230424880981445,0.07999999076128006,0.78681640625,0.79973185,0.08675463021500036,2110
242.19741345381465,87,3926,168,868352,95.05,69.16003551483155,0.0003,0.2,0.9698233008384705,32.096920013427734,36.28221893310547,0.07999999076128006,0.76845703125,0.40915015,0.034916219642036596,2115
242.95848456071445,88,3926,169,870400,95.51,62.23883533477783,0.0003,0.2,0.9768133163452148,32.096920013427734,30.914085388183594,0.07999999076128006,0.71298828125,0.9238118,0.05687403937336057,2120
248.39312355550896,88,3924,170,872448,97.46,72.28384084701538,0.0003,0.2,0.9728358387947083,32.096920013427734,40.44124984741211,0.07999999076128006,0.7453125,0.39099193,0.026430559577420354,2125
248.1763225899771,89,3923,171,874496,97.34,76.68293628692626,0.0003,0.2,0.9726330041885376,32.096920013427734,39.69553756713867,0.07999999076128006,0.75009765625,0.4171103,0.03766941423527896,2130
248.94197604944114,89,3923,172,876544,97.73,71.74457702636718,0.0003,0.2,0.9713422060012817,32.096920013427734,31.793685913085938,0.07999999076128006,0.71787109375,0.5715097,0.03474047796335071,2135
249.73135225205493,90,3923,173,878592,97.85,53.72914485931396,0.0003,0.2,0.9817033410072327,32.096920013427734,24.541358947753906,0.07999999076128006,0.729296875,0.45925277,0.031265534280100836,2140
250.45988225803822,90,3924,174,880640,98.19,56.57011680603027,0.0003,0.2,0.9805649518966675,32.096920013427734,29.55817985534668,0.07999999076128006,0.75283203125,0.5721143,0.057698695396538824,2145
253.4937451670116,91,3924,175,882688,99.24,73.35388574600219,0.0003,0.2,0.9707040786743164,32.096920013427734,33.67143249511719,0.07999999076128006,0.75966796875,0.3766182,0.036602424713782965,2150
250.04685540199534,91,3925,176,884736,98.3,73.18798704147339,0.0003,0.2,0.9755011796951294,32.096920013427734,43.541717529296875,0.07999999076128006,0.74970703125,0.32307535,0.02438810949679464,2155
255.96203109611218,92,3925,177,886784,100.22,65.16742963790894,0.0003,0.2,0.97652268409729,32.096920013427734,29.451601028442383,0.07999999076128006,0.709765625,0.3357542,0.01623272360302508,2160
257.3752347013463,92,3926,178,888832,100.86,66.01740617752075,0.0003,0.2,0.974186360836029,32.096920013427734,29.540325164794922,0.07999999076128006,0.79345703125,1.8651519,0.09796707089990378,2165
259.67350360520487,93,3926,179,890880,101.57,73.54053983688354,0.0003,0.2,0.9713309407234192,32.096920013427734,36.3129997253418,0.07999999076128006,0.75078125,0.32999498,0.046795792412012815,2170
254.45650292241132,93,3925,180,892928,99.79,49.15458526611328,0.0003,0.2,0.9817709922790527,32.096920013427734,21.783647537231445,0.07999999076128006,0.762890625,0.94677687,0.07153363029938191,2175
259.32203073716414,94,3925,181,894976,101.41,71.91651926040649,0.0003,0.2,0.9745947122573853,32.096920013427734,39.209747314453125,0.07999999076128006,0.9302734375,6.089465,0.22904456059914083,2180
256.1750244960578,94,3926,182,897024,100.32,60.149146747589114,0.0003,0.2,0.9756399393081665,32.096920013427734,25.985815048217773,0.07999999076128006,0.76083984375,1.0229684,0.0818265030393377,2185
252.4387879220394,95,3926,183,899072,98.87,49.607445907592776,0.0003,0.2,0.9841604232788086,32.096920013427734,21.077369689941406,0.07999999076128006,0.863671875,9.930397,0.17124362369067966,2190
258.18766468962485,95,3926,184,901120,101.05,74.53190040588379,0.0003,0.2,0.9663029909133911,32.096920013427734,30.46153450012207,0.07999999076128006,0.7126953125,0.3995927,0.023676657467149198,2195
256.075067036761,96,3926,185,903168,100.3,55.48824825286865,0.0003,0.2,0.9818583130836487,32.096920013427734,24.011343002319336,0.07999999076128006,0.77724609375,0.59490436,0.04634815885219723,2200
258.01649669534896,97,3926,186,905216,100.96,58.96847496032715,0.0003,0.2,0.9788358807563782,32.096920013427734,28.205814361572266,0.07999999076128006,0.7521484375,0.32594585,0.01954400073736906,2205
258.99933764987884,97,3926,187,907264,101.63,65.48595609664918,0.0003,0.2,0.97673499584198,32.096920013427734,31.378271102905273,0.07999999076128006,0.76181640625,0.43924266,0.0369430857244879,2210
262.57971765662836,98,3926,188,909312,103.04,48.83157825469971,0.0003,0.2,0.9825257062911987,32.096920013427734,21.311962127685547,0.07999999076128006,0.7369140625,0.4849913,0.030682874203193933,2215
260.5107313243039,98,3927,189,911360,102.1,87.17087211608887,0.0003,0.2,0.96720290184021,32.096920013427734,35.37592697143555,0.07999999076128006,0.7513671875,0.34342068,0.03671659172978252,2220
263.04828001680863,99,3927,190,913408,103.1,84.44066610336304,0.0003,0.2,0.9728431701660156,32.096920013427734,35.887393951416016,0.07999999076128006,0.715234375,0.24464074,0.013981388870161027,2225
263.17402275838714,99,3927,191,915456,103.04,88.79595851898193,0.0003,0.2,0.9657444357872009,32.096920013427734,42.57621765136719,0.07999999076128006,0.78779296875,2.577124,0.10763353712391108,2230
263.16995142149796,100,3927,192,917504,103.05,79.13762788772583,0.0003,0.2,0.9724670052528381,32.096920013427734,32.80764389038086,0.07999999076128006,0.73447265625,0.5601054,0.052600864286068826,2235
267.62526317959896,100,3928,193,919552,104.56,73.03113307952881,0.0003,0.2,0.9745726585388184,32.096920013427734,39.19467544555664,0.07999999076128006,0.79794921875,1.7122256,0.1096317098941654,2240
263.8771652068527,101,3928,194,921600,103.28,72.26751098632812,0.0003,0.2,0.9672368764877319,32.096920013427734,32.3310432434082,0.07999999076128006,0.77021484375,0.79294634,0.07343857216183096,2245
261.82499733435355,101,3928,195,923648,102.36,57.803924560546875,0.0003,0.2,0.9788540005683899,32.096920013427734,28.100868225097656,0.07999999076128006,0.83154296875,0.64566267,0.09449847901705652,2250
264.2106085865243,102,3928,196,925696,102.98,53.732239723205566,0.0003,0.2,0.9765304327011108,32.096920013427734,20.09430694580078,0.07999999076128006,0.72900390625,0.45618442,0.03410894139669836,2255
259.4244317111897,102,3928,197,927744,101.25,83.79988098144531,0.0003,0.2,0.9736930131912231,32.096920013427734,33.98320770263672,0.07999999076128006,0.75361328125,0.36612448,0.03474026027834043,2260
257.2946343344536,103,3929,198,929792,100.62,68.53309087753296,0.0003,0.2,0.9757352471351624,32.096920013427734,36.517189025878906,0.07999999076128006,0.7482421875,0.6941642,0.05850472983438522,2265
256.49381740704143,103,3929,199,931840,100.4,64.20367965698242,0.0003,0.2,0.9786575436592102,32.096920013427734,29.993860244750977,0.07999999076128006,0.7689453125,0.42574817,0.05627165955957025,2270
262.72703161045433,104,3929,200,933888,102.65,76.2591625213623,0.0003,0.2,0.9746618866920471,32.096920013427734,36.44929122924805,0.07999999076128006,0.78310546875,0.6806166,0.05399899126496166,2275
254.21953131825427,104,3930,201,935936,100.01,74.96675672531128,0.0003,0.2,0.9756455421447754,32.096920013427734,44.017452239990234,0.07999999076128006,0.75751953125,0.73777133,0.056493699783459306,2280
261.1424682658383,105,3930,202,937984,102.45,88.36210689544677,0.0003,0.2,0.9710381627082825,32.096920013427734,52.85128402709961,0.07999999076128006,0.75166015625,0.38142478,0.042564201494678856,2285
264.19597747873564,105,3930,203,940032,103.37,60.6344051361084,0.0003,0.2,0.978239119052887,32.096920013427734,28.379444122314453,0.07999999076128006,0.85703125,3.150415,0.15184547326061876,2290
260.04266549546975,106,3930,204,942080,101.68,62.12353219985962,0.0003,0.2,0.9757376909255981,32.096920013427734,30.385013580322266,0.07999999076128006,0.808203125,4.9193983,0.11868725976673886,2295
258.6216483576479,106,3930,205,944128,100.81,48.43365898132324,0.0003,0.2,0.9787552952766418,32.096920013427734,22.10746192932129,0.07999999076128006,0.81337890625,11.864983,0.14880056031979622,2300
259.88405768538644,107,3931,206,946176,101.03,91.37784261703491,0.0003,0.2,0.9529462456703186,32.096920013427734,37.07152557373047,0.07999999076128006,0.7654296875,0.3737281,0.05707638572202996,2305
254.26289959007315,107,3931,207,948224,98.96,92.95867938995362,0.0003,0.2,0.9710310101509094,32.096920013427734,52.66215896606445,0.07999999076128006,0.70791015625,0.3029977,0.022627600096166135,2310
255.8816374822737,108,3932,208,950272,99.53,77.5180386543274,0.0003,0.2,0.9743642210960388,32.096920013427734,37.735931396484375,0.07999999076128006,0.80634765625,0.60899097,0.06707922657951712,2315
260.5414031515549,108,3932,209,952320,101.36,70.44467716217041,0.0003,0.2,0.9750953912734985,32.096920013427734,37.05049514770508,0.07999999076128006,0.77021484375,0.5864706,0.057460097782313826,2320
261.7709135690237,109,3932,210,954368,101.94,59.40876626968384,0.0003,0.2,0.9821475744247437,32.096920013427734,31.67408561706543,0.07999999076128006,0.77080078125,0.5198002,0.04213889401871711,2325
272.4308566661719,109,3931,211,956416,105.8,57.75191535949707,0.0003,0.2,0.9781923890113831,32.096920013427734,27.67593002319336,0.07999999076128006,0.80703125,1.0395685,0.09578189437743276,2330
277.3343563685523,110,3931,212,958464,107.43,57.31658773422241,0.0003,0.2,0.9813438057899475,32.096920013427734,28.284923553466797,0.07999999076128006,0.81669921875,0.7284259,0.07480003926903009,2335
285.87441281635785,110,3931,213,960512,110.13,71.46386728286743,0.0003,0.2,0.9725578427314758,32.096920013427734,31.305057525634766,0.07999999076128006,0.766015625,0.7982937,0.054244695068337026,2340
288.90055680450723,111,3932,214,962560,110.86,55.17464551925659,0.0003,0.2,0.9805681109428406,32.096920013427734,20.77839469909668,0.07999999076128006,0.8416015625,2.0699239,0.11697490911465139,2345
289.17078756905556,111,3932,215,964608,110.98,75.24333429336548,0.0003,0.2,0.9720613360404968,32.096920013427734,33.521602630615234,0.07999999076128006,0.78203125,0.59092516,0.05643262600060552,2350
283.1041805050951,112,3932,216,966656,108.82,78.74575099945068,0.0003,0.2,0.9768586754798889,32.096920013427734,29.68242073059082,0.07999999076128006,0.8185546875,1.910512,0.11972462562844158,2355
284.54414053959795,112,3933,217,968704,109.33,59.72679500579834,0.0003,0.2,0.9776440262794495,32.096920013427734,26.781850814819336,0.07999999076128006,0.86337890625,3.3295054,0.14834110597148537,2360
277.9892967496278,113,3933,218,970752,107.23,54.03402881622314,0.0003,0.2,0.9815025925636292,32.096920013427734,23.938762664794922,0.07999999076128006,0.815234375,0.9165989,0.07607086990028619,2365
274.4842740062282,114,3933,219,972800,106.16,103.60453491210937,0.0003,0.2,0.96666020154953,32.096920013427734,40.99273681640625,0.07999999076128006,0.78623046875,0.57274884,0.0465100287576206,2370
281.9243565897417,114,3934,220,974848,108.48,124.936940574646,0.0003,0.2,0.9580086469650269,32.096920013427734,66.83946228027344,0.07999999076128006,0.67763671875,0.25417012,0.011746874812524765,2375
282.207390769032,115,3934,221,976896,108.4,92.08580913543702,0.0003,0.2,0.9704433083534241,32.096920013427734,47.226478576660156,0.07999999076128006,0.7099609375,0.41128507,0.018950334866531193,2380
286.8226513568796,115,3935,222,978944,109.89,95.30862255096436,0.0003,0.2,0.9704521894454956,32.096920013427734,35.337703704833984,0.07999999076128006,0.69697265625,0.3291973,0.015094808163121342,2385
287.5557078648011,116,3935,223,980992,110.28,80.5443790435791,0.0003,0.2,0.9739323854446411,32.096920013427734,34.44822311401367,0.07999999076128006,0.71787109375,0.3191707,0.02584601033013314,2390
292.0069897659307,116,3935,224,983040,111.73,66.99939966201782,0.0003,0.2,0.9834005832672119,32.096920013427734,29.19740867614746,0.07999999076128006,0.80703125,0.7898263,0.05338808484375477,2395
297.10069827942834,117,3936,225,985088,113.7,80.53152961730957,0.0003,0.2,0.9671322107315063,32.096920013427734,38.083797454833984,0.07999999076128006,0.755859375,0.83195543,0.07814169481862336,2400
297.73657153982737,117,3936,226,987136,114.02,66.14525566101074,0.0003,0.2,0.9790452718734741,32.096920013427734,34.5277214050293,0.07999999076128006,0.76630859375,0.54847336,0.059084153280127796,2405
309.03061893676795,118,3936,227,989184,117.92,71.59501943588256,0.0003,0.2,0.97879958152771,32.096920013427734,32.55866241455078,0.07999999076128006,0.76142578125,0.98466873,0.06167444456368685,2410
311.85939402820145,118,3936,228,991232,118.92,77.23596477508545,0.0003,0.2,0.9750876426696777,32.096920013427734,36.38620376586914,0.07999999076128006,0.79375,0.78438246,0.08436008908320218,2415
311.6745291709278,119,3937,229,993280,119.18,56.0927903175354,0.0003,0.2,0.9836669564247131,32.096920013427734,22.875411987304688,0.07999999076128006,0.90263671875,15.704737,0.21336169408168643,2420
308.011982102706,119,3937,230,995328,118.54,85.20393886566163,0.0003,0.2,0.9700706005096436,32.096920013427734,34.49443817138672,0.07999999076128006,0.6876953125,2.1263175,0.06262042075395584,2425
299.6887164311453,120,3937,231,997376,115.96,55.09217643737793,0.0003,0.2,0.981339156627655,32.096920013427734,22.081951141357422,0.07999999076128006,0.74306640625,0.91482806,0.053624268947169186,2430
291.0946649739034,120,3937,232,999424,113.13,53.25723390579223,0.0003,0.2,0.9781932234764099,32.096920013427734,23.70574188232422,0.07999999076128006,0.9017578125,9.897948,0.21672952258959413,2435
265.8153892057763,121,3938,233,1001472,104.42,89.6917618751526,0.0003,0.2,0.9502857327461243,32.096920013427734,30.79659652709961,0.07999999076128006,0.834375,8.225802,0.14808748464565724,2440
261.108269797516,121,3938,234,1003520,102.66,28.646945905685424,0.0003,0.2,0.9890530109405518,32.096920013427734,11.094663619995117,0.07999999076128006,0.88330078125,8.61571,0.18376315711066127,2445
257.18791634504475,122,3938,235,1005568,101.34,39.534612035751344,0.0003,0.2,0.9764408469200134,32.096920013427734,16.564834594726562,0.07999999076128006,0.88984375,33.4952,0.258584786276333,2450
240.310293655403,122,3938,236,1007616,96.36,24.02775568962097,0.0003,0.2,0.9893954992294312,32.096920013427734,10.039265632629395,0.07999999076128006,0.86025390625,13.210738,0.18290573717094957,2455
224.95374610939186,123,3938,237,1009664,91.85,20.778166580200196,0.0003,0.2,0.9919419884681702,32.096920013427734,8.03923225402832,0.07999999076128006,0.8794921875,62.2371,0.2416620313655585,2460
193.93676385441694,123,3938,238,1011712,80.96,52.001176595687866,0.0003,0.2,0.9683711528778076,32.096920013427734,15.522605895996094,0.07999999076128006,0.69658203125,1.5220995,0.05725162776652724,2465
169.5135800819042,124,3938,239,1013760,71.25,24.422727394104005,0.0003,0.2,0.9796695709228516,32.096920013427734,9.193144798278809,0.07999999076128006,0.89677734375,10.791185,0.20402651375625283,2470
155.48156656710134,124,3938,240,1015808,65.32,13.499584436416626,0.0003,0.2,0.990100622177124,32.096920013427734,6.366201400756836,0.07999999076128006,0.91142578125,11.477953,0.21921964758075774,2475
153.81177175985556,125,3938,241,1017856,64.77,10.651047241687774,0.0003,0.2,0.9900144934654236,32.096920013427734,4.310633659362793,0.07999999076128006,0.9203125,26.809452,0.23946153242141008,2480
156.91477251998106,125,3938,242,1019904,66.48,7.904648959636688,0.0003,0.2,0.9930869340896606,32.096920013427734,3.681852340698242,0.07999999076128006,0.92294921875,58.271114,0.2972354737576097,2485
159.66995178589642,126,3938,243,1021952,68.88,17.586256408691405,0.0003,0.2,0.9842715859413147,32.096920013427734,6.127419471740723,0.07999999076128006,0.8404296875,17.983864,0.19513196191983298,2490
165.80053105378153,126,3939,244,1024000,71.55,27.591529893875123,0.0003,0.2,0.9788280725479126,32.096920013427734,10.93261432647705,0.07999999076128006,0.8462890625,35.877148,0.18013366693630814,2495
181.91329456510098,127,3939,245,1026048,77.83,71.18354396820068,0.0003,0.2,0.9548152089118958,32.096920013427734,21.065702438354492,0.07999999076128006,0.66220703125,0.5793445,0.06069545192876831,2500
192.01592014828879,127,3939,246,1028096,81.39,45.430066633224484,0.0003,0.2,0.9704651236534119,32.096920013427734,21.035316467285156,0.07999999076128006,0.90029296875,8.553076,0.16783724180422724,2505
204.69681813788563,128,3938,247,1030144,85.23,71.2780867576599,0.0003,0.2,0.9643033742904663,32.096920013427734,24.234180450439453,0.07999999076128006,0.72275390625,1.1410547,0.07983579805586487,2510
219.92938437795144,128,3938,248,1032192,90.03,66.30758876800537,0.0003,0.2,0.9711199402809143,32.096920013427734,28.764816284179688,0.07999999076128006,0.7849609375,0.7480222,0.0792320360429585,2515
225.78211901096475,129,3938,249,1034240,91.89,75.71561164855957,0.0003,0.2,0.967761754989624,32.096920013427734,31.50884437561035,0.07999999076128006,0.83525390625,10.309159,0.17545311057474464,2520
230.85893189285204,130,3938,250,1036288,93.91,85.52361841201783,0.0003,0.2,0.9615544080734253,32.096920013427734,35.16558837890625,0.07999999076128006,0.79638671875,1.2091982,0.11511286301538348,2525
231.17458344465152,130,3938,251,1038336,94.38,76.7376859664917,0.0003,0.2,0.9702397584915161,32.096920013427734,34.66239929199219,0.07999999076128006,0.80771484375,0.9667319,0.08569400813430547,2530
224.1606320044633,131,3938,252,1040384,92.56,56.74009294509888,0.0003,0.2,0.9762018918991089,32.096920013427734,26.195035934448242,0.07999999076128006,0.78720703125,0.85450745,0.10192353688180447,2535
221.6798592546771,131,3938,253,1042432,92.58,63.863171672821046,0.0003,0.2,0.9737235307693481,32.096920013427734,33.02565383911133,0.07999999076128006,0.927734375,25.186127,0.2547251152340323,2540
217.78145704683834,132,3938,254,1044480,92.18,52.068429946899414,0.0003,0.2,0.9764687418937683,32.096920013427734,20.46084976196289,0.07999999076128006,0.72412109375,2.356804,0.09846377898938954,2545
214.07090371386573,132,3938,255,1046528,91.42,57.069207763671876,0.0003,0.2,0.973960816860199,32.096920013427734,21.798851013183594,0.07999999076128006,0.90625,5.358808,0.1982182381907478,2550
207.32490045053683,133,3938,256,1048576,89.85,45.597531127929685,0.0003,0.2,0.9696561098098755,32.096920013427734,18.369062423706055,0.07999999076128006,0.78125,1.6666206,0.08093237807042897,2555
