rollout/ep_len_mean,rollout/ep_rew_mean,time/total_timesteps,time/fps,time/iterations,time/time_elapsed,train/policy_gradient_loss,train/loss,train/clip_fraction,train/value_loss,train/approx_kl,train/learning_rate,train/clip_range,train/n_updates,train/entropy_loss,train/explained_variance,train/std
132.83,350.20830237948854,1050624,4530,1,0,,,,,,,,,,,
130.75,345.32366254457577,1052672,4385,2,0,0.017970771839221317,105.65935516357422,0.22526041666666666,189.4287567138672,0.020846913,0.0001,0.2,1537,32.096920013427734,0.6817815899848938,0.07999999076128006
135.17,362.7662822697322,1054720,4433,3,1,0.018789966590702534,111.17022705078125,0.2529296875,225.69817352294922,0.022309456,0.0001,0.2,1538,32.096920013427734,0.9593518972396851,0.07999999076128006
131.07,351.2395635955675,1056768,4477,4,1,0.03794115176424384,127.08594512939453,0.2421875,241.7650489807129,0.028476331,0.0001,0.2,1539,32.096920013427734,0.8207085728645325,0.07999999076128006
130.04,350.7649332576412,1058816,4504,5,2,0.006485067152728637,129.81983947753906,0.19010416666666666,236.5551300048828,0.018669331,0.0001,0.2,1540,32.096920013427734,0.9465720653533936,0.07999999076128006
125.71,338.5733231236695,1060864,4525,6,2,0.01214560866355896,98.01416778564453,0.24479166666666666,198.10492960611978,0.020540176,0.0001,0.2,1541,32.096920013427734,0.9329007863998413,0.07999999076128006
125.58,338.71208050244024,1062912,4508,7,3,0.019878633320331573,79.92501831054688,0.240234375,173.30807876586914,0.02156877,0.0001,0.2,1542,32.096920013427734,0.9609270095825195,0.07999999076128006
127.25,344.6140043483153,1064960,4527,8,3,0.010965108095357815,97.43450164794922,0.19270833333333334,203.13152567545572,0.016178785,0.0001,0.2,1543,32.096920013427734,0.9440900683403015,0.07999999076128006
124.33,334.3305328554203,1067008,4537,9,4,0.02031060556570689,97.85330200195312,0.22005208333333334,174.69434611002603,0.019049497,0.0001,0.2,1544,32.096920013427734,0.9449745416641235,0.07999999076128006
126.2,340.6868032512949,1069056,4548,10,4,0.020661817863583565,85.84896087646484,0.2890625,180.78902180989584,0.02839048,0.0001,0.2,1545,32.096920013427734,0.958941638469696,0.07999999076128006
125.34,337.0468568584018,1071104,4560,11,4,0.012158838100731373,117.3526611328125,0.236328125,222.48590087890625,0.018357065,0.0001,0.2,1546,32.096920013427734,0.921661913394928,0.07999999076128006
131.26,355.3913349890496,1073152,4567,12,5,0.009878313168883324,83.93096160888672,0.2890625,167.89745585123697,0.029251462,0.0001,0.2,1547,32.096920013427734,0.9601098895072937,0.07999999076128006
131.77,357.35319079859534,1075200,4572,13,5,0.010610546916723251,86.2417984008789,0.20833333333333334,188.4927520751953,0.016165216,0.0001,0.2,1548,32.096920013427734,0.92989581823349,0.07999999076128006
133.07,361.97044714591834,1077248,4576,14,6,0.019821894355118275,128.40618896484375,0.208984375,230.75478744506836,0.01893864,0.0001,0.2,1549,32.096920013427734,0.918639063835144,0.07999999076128006
135.05,368.6326720939349,1079296,4582,15,6,0.010864762123674154,96.56217956542969,0.21484375,202.79590606689453,0.019319924,0.0001,0.2,1550,32.096920013427734,0.9311856627464294,0.07999999076128006
137.86,378.1385870620806,1081344,4585,16,7,0.009258854668587446,100.85702514648438,0.19791666666666666,179.6846720377604,0.017419042,0.0001,0.2,1551,32.096920013427734,0.9411078691482544,0.07999999076128006
136.62,373.50604860695427,1083392,4591,17,7,0.02402068426211675,101.7368392944336,0.2265625,190.685302734375,0.01694407,0.0001,0.2,1552,32.096920013427734,0.9408899545669556,0.07999999076128006
135.68,370.526821597998,1085440,4592,18,8,0.020896322404344875,77.51470947265625,0.2526041666666667,163.96795145670572,0.022399427,0.0001,0.2,1553,32.096920013427734,0.9633435606956482,0.07999999076128006
134.63,366.62623141763635,1087488,4594,19,8,0.02626131909588973,75.98261260986328,0.2825520833333333,168.34378560384116,0.024758251,0.0001,0.2,1554,32.096920013427734,0.9658085107803345,0.07999999076128006
134.82,366.9613752760355,1089536,4595,20,8,0.013192695875962576,100.40251922607422,0.24348958333333334,200.68993631998697,0.02294525,0.0001,0.2,1555,32.096920013427734,0.9321547746658325,0.07999999076128006
131.42,356.0321658735598,1091584,4596,21,9,0.015145879006013274,89.5572280883789,0.251953125,183.366943359375,0.023468832,0.0001,0.2,1556,32.096920013427734,0.9390183091163635,0.07999999076128006
130.85,354.55813788609225,1093632,4599,22,9,0.017029000911861658,106.39823150634766,0.240234375,198.25923919677734,0.0282921,0.0001,0.2,1557,32.096920013427734,0.9529750347137451,0.07999999076128006
128.23,347.3604808861468,1095680,4573,23,10,0.0210042716935277,121.61243438720703,0.236328125,238.74874114990234,0.021171521,0.0001,0.2,1558,32.096920013427734,0.9164266586303711,0.07999999076128006
125.59,339.9104352232192,1097728,4577,24,10,0.0010234632063657045,101.97257232666016,0.1796875,208.17112731933594,0.017217321,0.0001,0.2,1559,32.096920013427734,0.9577440023422241,0.07999999076128006
121.66,327.86017566610616,1099776,4579,25,11,0.016791213303804398,119.0185775756836,0.197265625,229.4454803466797,0.015688432,0.0001,0.2,1560,32.096920013427734,0.9461413025856018,0.07999999076128006
115.78,309.5087023309483,1101824,4580,26,11,0.014771205683549246,113.47518157958984,0.265625,218.1623789469401,0.027446851,0.0001,0.2,1561,32.096920013427734,0.9529358744621277,0.07999999076128006
114.0,303.9619875417721,1103872,4582,27,12,0.012318826901415983,78.57569885253906,0.22916666666666666,179.0175526936849,0.02014784,0.0001,0.2,1562,32.096920013427734,0.9605416059494019,0.07999999076128006
113.3,301.083033748103,1105920,4585,28,12,0.01587281096726656,125.67301940917969,0.185546875,237.37200927734375,0.014978428,0.0001,0.2,1563,32.096920013427734,0.9452074766159058,0.07999999076128006
111.02,294.8172609746601,1107968,4583,29,12,0.0131210305262357,117.21797943115234,0.1767578125,226.36194610595703,0.014801841,0.0001,0.2,1564,32.096920013427734,0.947051465511322,0.07999999076128006
110.52,293.60210751881453,1110016,4570,30,13,0.012891383469104766,96.41731262207031,0.225,190.03756408691407,0.017062997,0.0001,0.2,1565,32.096920013427734,0.9516801238059998,0.07999999076128006
109.16,289.231327735431,1112064,4566,31,13,0.011148446549971899,79.36453247070312,0.23828125,158.57537333170572,0.02053626,0.0001,0.2,1566,32.096920013427734,0.9667876958847046,0.07999999076128006
111.78,296.86730438285025,1114112,4565,32,14,0.0279769462843736,132.01113891601562,0.2747395833333333,223.06954956054688,0.025065675,0.0001,0.2,1567,32.096920013427734,0.945518970489502,0.07999999076128006
109.7,290.75002619715724,1116160,4566,33,14,0.008079412393271923,71.4726791381836,0.201171875,154.82521057128906,0.016344156,0.0001,0.2,1568,32.096920013427734,0.966508150100708,0.07999999076128006
111.74,296.26391749270897,1118208,4568,34,15,0.02280688751488924,87.70707702636719,0.208984375,178.74789428710938,0.016113412,0.0001,0.2,1569,32.096920013427734,0.961880624294281,0.07999999076128006
114.73,305.6000232896318,1120256,4569,35,15,0.01602962939068675,106.69754791259766,0.197265625,197.56549072265625,0.015569828,0.0001,0.2,1570,32.096920013427734,0.9498100876808167,0.07999999076128006
118.31,317.3105473321545,1122304,4570,36,16,0.019661569967865944,114.92500305175781,0.3059895833333333,235.20016479492188,0.034280602,0.0001,0.2,1571,32.096920013427734,0.9489759206771851,0.07999999076128006
119.89,322.5526391696972,1124352,4572,37,16,0.02067304402589798,91.35519409179688,0.2721354166666667,176.97041829427084,0.023646161,0.0001,0.2,1572,32.096920013427734,0.9507867097854614,0.07999999076128006
123.73,334.9984735045159,1126400,4575,38,17,0.009484802683194479,105.97016143798828,0.23697916666666666,218.46868387858072,0.018753568,0.0001,0.2,1573,32.096920013427734,0.9582489728927612,0.07999999076128006
125.83,341.1294611278044,1128448,4575,39,17,0.02446154095232487,96.59617614746094,0.26015625,189.00902709960937,0.01842865,0.0001,0.2,1574,32.096920013427734,0.9475660920143127,0.07999999076128006
129.61,353.8430050707104,1130496,4577,40,17,0.01016355725005269,82.63604736328125,0.177734375,173.44598007202148,0.014114552,0.0001,0.2,1575,32.096920013427734,0.9585250616073608,0.07999999076128006
130.07,354.91390017346936,1132544,4576,41,18,0.011959008872509003,85.67033386230469,0.19140625,179.1029510498047,0.015997967,0.0001,0.2,1576,32.096920013427734,0.952702522277832,0.07999999076128006
131.21,357.98364838565226,1134592,4578,42,18,0.01284850761294365,81.88404846191406,0.19270833333333334,174.97105916341147,0.014273872,0.0001,0.2,1577,32.096920013427734,0.956830620765686,0.07999999076128006
132.23,360.52493459128397,1136640,4577,43,19,0.024501549390455086,73.15648651123047,0.19140625,154.5998789469401,0.017250182,0.0001,0.2,1578,32.096920013427734,0.9573891162872314,0.07999999076128006
133.52,364.4099588239666,1138688,4579,44,19,0.011711609239379564,88.5515365600586,0.19401041666666666,192.02997334798178,0.016688542,0.0001,0.2,1579,32.096920013427734,0.9486008882522583,0.07999999076128006
135.63,372.1590129256321,1140736,4582,45,20,0.005272919933001201,95.89111328125,0.203125,198.96278381347656,0.016349776,0.0001,0.2,1580,32.096920013427734,0.9599424004554749,0.07999999076128006
136.56,374.9092741916003,1142784,4584,46,20,0.015117925902207693,95.02954864501953,0.25,195.64588419596353,0.018241609,0.0001,0.2,1581,32.096920013427734,0.9347187280654907,0.07999999076128006
136.78,375.3158948134054,1144832,4585,47,20,0.016413184503714245,82.80825805664062,0.16927083333333334,167.8966827392578,0.014683626,0.0001,0.2,1582,32.096920013427734,0.9525007605552673,0.07999999076128006
136.12,372.8015692731855,1146880,4587,48,21,0.010433611615250507,85.35221862792969,0.22265625,169.0261433919271,0.017068157,0.0001,0.2,1583,32.096920013427734,0.9616978764533997,0.07999999076128006
136.28,373.29585194490824,1148928,4590,49,21,0.026504455755154293,85.92597961425781,0.28515625,173.0322011311849,0.02442305,0.0001,0.2,1584,32.096920013427734,0.9609931111335754,0.07999999076128006
135.33,369.23670605289976,1150976,4591,50,22,0.011244893074035645,95.70590209960938,0.20703125,199.0897216796875,0.017270077,0.0001,0.2,1585,32.096920013427734,0.9460085034370422,0.07999999076128006
134.04,365.09741544276847,1153024,4594,51,22,0.020994989201426506,66.08744812011719,0.2552083333333333,140.60029093424478,0.019576969,0.0001,0.2,1586,32.096920013427734,0.9677419662475586,0.07999999076128006
131.13,354.86348987114025,1155072,4595,52,23,0.017164071400960285,90.5273208618164,0.2669270833333333,172.88192749023438,0.024685645,0.0001,0.2,1587,32.096920013427734,0.9558120965957642,0.07999999076128006
128.51,346.1265921773614,1157120,4597,53,23,0.026636121794581413,80.72168731689453,0.18098958333333334,165.2492472330729,0.016063683,0.0001,0.2,1588,32.096920013427734,0.962425947189331,0.07999999076128006
126.31,337.99474610660866,1159168,4598,54,24,0.006295199816425641,109.2951889038086,0.15104166666666666,181.25243123372397,0.01206797,0.0001,0.2,1589,32.096920013427734,0.9593207240104675,0.07999999076128006
126.2,337.8462970507657,1161216,4599,55,24,0.01214074312398831,71.73953247070312,0.19010416666666666,155.4275105794271,0.0149247525,0.0001,0.2,1590,32.096920013427734,0.9677180051803589,0.07999999076128006
126.44,338.9733708399472,1163264,4600,56,24,0.010730343249936899,105.99726104736328,0.2526041666666667,189.26793924967447,0.020036863,0.0001,0.2,1591,32.096920013427734,0.9572474956512451,0.07999999076128006
125.53,335.2055503954544,1165312,4602,57,25,0.0026011808464924493,102.58702087402344,0.19270833333333334,213.2736612955729,0.016201438,0.0001,0.2,1592,32.096920013427734,0.9550957679748535,0.07999999076128006
125.87,336.59748834519473,1167360,4604,58,25,0.029053413774818182,88.99633026123047,0.193359375,176.13204193115234,0.01794529,0.0001,0.2,1593,32.096920013427734,0.9599065780639648,0.07999999076128006
127.77,342.4864716949985,1169408,4605,59,26,0.01313760286817948,107.93255615234375,0.24739583333333334,203.6448974609375,0.027785888,0.0001,0.2,1594,32.096920013427734,0.957046389579773,0.07999999076128006
130.93,352.49100449423116,1171456,4606,60,26,0.017441486939787865,111.00176239013672,0.19140625,204.86280059814453,0.0151248295,0.0001,0.2,1595,32.096920013427734,0.9450705051422119,0.07999999076128006
131.45,354.2445525954874,1173504,4608,61,27,0.021828381965557735,81.45336151123047,0.2864583333333333,179.95606486002603,0.03350419,0.0001,0.2,1596,32.096920013427734,0.961929202079773,0.07999999076128006
132.29,357.11615756331435,1175552,4609,62,27,0.019823728129267693,111.46180725097656,0.2825520833333333,207.79556783040366,0.03186904,0.0001,0.2,1597,32.096920013427734,0.9512462019920349,0.07999999076128006
132.07,356.69362219912165,1177600,4611,63,27,0.011879061038295427,137.8542022705078,0.18098958333333334,279.00417073567706,0.015025433,0.0001,0.2,1598,32.096920013427734,0.9167379140853882,0.07999999076128006
132.83,358.4027019293507,1179648,4612,64,28,0.020733511773869395,92.1426773071289,0.2333984375,172.06581497192383,0.020842608,0.0001,0.2,1599,32.096920013427734,0.9549510478973389,0.07999999076128006
133.15,358.3408767096118,1181696,4613,65,28,0.0062731228768825534,93.40196990966797,0.1640625,214.06754455566406,0.013237889,0.0001,0.2,1600,32.096920013427734,0.9459741115570068,0.07999999076128006
133.36,359.2209635899068,1183744,4614,66,29,0.015418744832277297,137.6569061279297,0.215625,260.6750915527344,0.016272586,0.0001,0.2,1601,32.096920013427734,0.9340577125549316,0.07999999076128006
132.7,356.77546622365423,1185792,4616,67,29,0.013162240851670504,122.62378692626953,0.216796875,221.49892807006836,0.018996822,0.0001,0.2,1602,32.096920013427734,0.9348388910293579,0.07999999076128006
134.0,359.8834036108949,1187840,4618,68,30,0.021809750236570835,99.6749496459961,0.1953125,222.97443008422852,0.017118268,0.0001,0.2,1603,32.096920013427734,0.947960615158081,0.07999999076128006
133.61,357.6537206419601,1189888,4619,69,30,0.030648805821935337,97.04444885253906,0.2513020833333333,185.20234171549478,0.019641127,0.0001,0.2,1604,32.096920013427734,0.9390771389007568,0.07999999076128006
132.43,352.4445566449197,1191936,4620,70,31,0.018716964249809582,91.50475311279297,0.21744791666666666,170.82109578450522,0.017425641,0.0001,0.2,1605,32.096920013427734,0.9614869356155396,0.07999999076128006
133.09,354.0417259079652,1193984,4622,71,31,0.014929652834932009,112.8552017211914,0.17708333333333334,211.72181193033853,0.016693922,0.0001,0.2,1606,32.096920013427734,0.9575566649436951,0.07999999076128006
132.2,351.0771196917316,1196032,4622,72,31,0.015214292953411737,123.25051879882812,0.23307291666666666,228.46838887532553,0.022677945,0.0001,0.2,1607,32.096920013427734,0.9311683773994446,0.07999999076128006
131.18,348.5466670916197,1198080,4624,73,32,0.015027610352262855,157.20407104492188,0.25,263.40152740478516,0.02356818,0.0001,0.2,1608,32.096920013427734,0.9439351558685303,0.07999999076128006
130.54,344.1157605678507,1200128,4624,74,32,0.007132314145565033,110.82426452636719,0.16536458333333334,234.95852661132812,0.01378806,0.0001,0.2,1609,32.096920013427734,0.9289301037788391,0.07999999076128006
130.71,344.0708340259434,1202176,4625,75,33,0.008293770253658295,107.53312683105469,0.2197265625,212.41559982299805,0.017718542,0.0001,0.2,1610,32.096920013427734,0.9652866125106812,0.07999999076128006
132.14,348.6553673980905,1204224,4627,76,33,0.013123010750859976,117.74824523925781,0.234375,229.26527786254883,0.01950988,0.0001,0.2,1611,32.096920013427734,0.943063497543335,0.07999999076128006
133.94,353.8452856556498,1206272,4627,77,34,0.012236169166862964,103.11734771728516,0.2234375,201.29837036132812,0.018685738,0.0001,0.2,1612,32.096920013427734,0.9495622515678406,0.07999999076128006
134.52,355.80389901621203,1208320,4628,78,34,0.012239942094311118,102.68647766113281,0.2353515625,204.34790420532227,0.022817332,0.0001,0.2,1613,32.096920013427734,0.9291796684265137,0.07999999076128006
135.79,359.19629304824025,1210368,4629,79,34,0.016572886457045872,124.19441223144531,0.20442708333333334,237.91729736328125,0.01750609,0.0001,0.2,1614,32.096920013427734,0.9304606318473816,0.07999999076128006
138.06,366.10158177031025,1212416,4630,80,35,0.01189952033261458,102.18661499023438,0.23697916666666666,207.07050069173178,0.02157327,0.0001,0.2,1615,32.096920013427734,0.9391935467720032,0.07999999076128006
139.15,369.9719972402132,1214464,4631,81,35,0.005333222138384978,125.1510009765625,0.22135416666666666,232.44562784830728,0.018705687,0.0001,0.2,1616,32.096920013427734,0.9450337886810303,0.07999999076128006
139.33,370.97926613833476,1216512,4633,82,36,-0.0002085870752731959,94.23738861083984,0.1796875,186.48973083496094,0.014196643,0.0001,0.2,1617,32.096920013427734,0.9530587792396545,0.07999999076128006
139.33,370.4276801462664,1218560,4633,83,36,0.016051759322484333,96.6449203491211,0.26953125,187.81765747070312,0.02338981,0.0001,0.2,1618,32.096920013427734,0.9286726713180542,0.07999999076128006
139.08,369.64089839892665,1220608,4635,84,37,0.007395174354314804,87.33822631835938,0.20182291666666666,185.24348958333334,0.0155883385,0.0001,0.2,1619,32.096920013427734,0.9512685537338257,0.07999999076128006
138.97,368.28033638801605,1222656,4636,85,37,0.011934204027056694,116.4134521484375,0.19010416666666666,224.82787068684897,0.014913614,0.0001,0.2,1620,32.096920013427734,0.9319151639938354,0.07999999076128006
138.46,367.20776853939975,1224704,4637,86,37,0.008831009889642397,106.50262451171875,0.22265625,201.92451985677084,0.019520013,0.0001,0.2,1621,32.096920013427734,0.9445436000823975,0.07999999076128006
138.9,367.5706146909258,1226752,4638,87,38,0.020206370080510776,117.03715515136719,0.18098958333333334,240.84771219889322,0.013888665,0.0001,0.2,1622,32.096920013427734,0.935093879699707,0.07999999076128006
137.46,363.65193834848395,1228800,4639,88,38,0.02540932991541922,103.26622772216797,0.201171875,201.90076446533203,0.018563248,0.0001,0.2,1623,32.096920013427734,0.9471559524536133,0.07999999076128006
137.5,363.1619369061671,1230848,4640,89,39,0.008596462570130825,77.56986999511719,0.20703125,167.11170959472656,0.015402588,0.0001,0.2,1624,32.096920013427734,0.9569205641746521,0.07999999076128006
137.2,361.9396815198523,1232896,4641,90,39,0.013589589623734355,83.0293960571289,0.2548828125,179.13502883911133,0.019866051,0.0001,0.2,1625,32.096920013427734,0.9492123126983643,0.07999999076128006
137.63,363.2240505357136,1234944,4643,91,40,0.018190252827480435,71.69767761230469,0.208984375,171.57796096801758,0.020224134,0.0001,0.2,1626,32.096920013427734,0.9543704390525818,0.07999999076128006
138.39,365.8650931049547,1236992,4644,92,40,0.024209824080268543,80.25614929199219,0.2786458333333333,187.45816548665366,0.030314578,0.0001,0.2,1627,32.096920013427734,0.9358956813812256,0.07999999076128006
138.94,367.0631752697616,1239040,4645,93,40,0.02936103194952011,96.9428939819336,0.23177083333333334,196.06461079915366,0.020461617,0.0001,0.2,1628,32.096920013427734,0.9443989396095276,0.07999999076128006
140.18,370.88611090437064,1241088,4646,94,41,0.020924846331278484,92.67375183105469,0.21744791666666666,165.44074503580728,0.017692598,0.0001,0.2,1629,32.096920013427734,0.962130069732666,0.07999999076128006
142.91,379.53942071952537,1243136,4646,95,41,0.007528866020341714,88.82366180419922,0.17057291666666666,181.10693359375,0.013043758,0.0001,0.2,1630,32.096920013427734,0.918458104133606,0.07999999076128006
142.54,378.956114989357,1245184,4648,96,42,0.022952772056063015,90.2855224609375,0.19921875,180.57640584309897,0.015267182,0.0001,0.2,1631,32.096920013427734,0.9441273808479309,0.07999999076128006
143.69,382.67817533959357,1247232,4648,97,42,0.008861378456155459,77.04515838623047,0.24869791666666666,143.84847005208334,0.021179676,0.0001,0.2,1632,32.096920013427734,0.9533839225769043,0.07999999076128006
143.47,382.0160534540745,1249280,4649,98,43,0.010560060075173775,105.25965118408203,0.20833333333333334,210.95148722330728,0.015216534,0.0001,0.2,1633,32.096920013427734,0.9444912075996399,0.07999999076128006
143.76,382.862132561148,1251328,4650,99,43,0.0009612433301905791,88.95063781738281,0.18229166666666666,180.25726826985678,0.014819031,0.0001,0.2,1634,32.096920013427734,0.9548505544662476,0.07999999076128006
143.8,384.1363303159625,1253376,4651,100,44,0.015382163226604462,104.1232681274414,0.18489583333333334,210.6850382486979,0.016319966,0.0001,0.2,1635,32.096920013427734,0.9373099207878113,0.07999999076128006
143.17,382.74336227936044,1255424,4652,101,44,0.011241475741068522,66.00920104980469,0.17447916666666666,125.37865447998047,0.0138378665,0.0001,0.2,1636,32.096920013427734,0.9605790376663208,0.07999999076128006
143.34,383.4915067069145,1257472,4652,102,44,0.0068913205759599805,86.25104522705078,0.20703125,154.47871780395508,0.016654888,0.0001,0.2,1637,32.096920013427734,0.9508171081542969,0.07999999076128006
143.59,384.5257487614361,1259520,4653,103,45,0.012351189895222584,79.28399658203125,0.15494791666666666,159.08940633138022,0.013397489,0.0001,0.2,1638,32.096920013427734,0.948939323425293,0.07999999076128006
141.93,380.3881576512689,1261568,4653,104,45,0.010962437372654676,116.84346008300781,0.220703125,207.154052734375,0.017257567,0.0001,0.2,1639,32.096920013427734,0.9090092182159424,0.07999999076128006
142.66,382.9133169205384,1263616,4654,105,46,0.01096403319388628,81.20348358154297,0.220703125,151.08116149902344,0.02128918,0.0001,0.2,1640,32.096920013427734,0.9646562933921814,0.07999999076128006
140.48,375.59804308743594,1265664,4655,106,46,0.01851817375669877,100.14933013916016,0.3294270833333333,233.1794179280599,0.04236646,0.0001,0.2,1641,32.096920013427734,0.9265004396438599,0.07999999076128006
140.66,375.69047585708927,1267712,4656,107,47,0.014021351933479309,87.19683837890625,0.234375,179.02503967285156,0.022110322,0.0001,0.2,1642,32.096920013427734,0.963767409324646,0.07999999076128006
139.41,370.7739837704478,1269760,4656,108,47,0.0033202231861650944,124.3432388305664,0.2451171875,219.20711517333984,0.01985931,0.0001,0.2,1643,32.096920013427734,0.9345137476921082,0.07999999076128006
138.08,365.85241303037384,1271808,4656,109,47,0.007643790449947119,124.07221984863281,0.1826171875,216.63392639160156,0.014223047,0.0001,0.2,1644,32.096920013427734,0.9533618092536926,0.07999999076128006
136.62,359.98215120411106,1273856,4657,110,48,0.014779258519411087,103.30448150634766,0.203125,227.69292831420898,0.018818768,0.0001,0.2,1645,32.096920013427734,0.9302564859390259,0.07999999076128006
138.06,363.4382895596646,1275904,4657,111,48,0.008336805459111928,90.05985260009766,0.26328125,204.39141235351562,0.022082372,0.0001,0.2,1646,32.096920013427734,0.9481021761894226,0.07999999076128006
136.73,359.17345776413634,1277952,4657,112,49,0.011713446350768209,106.00994110107422,0.24609375,183.1926040649414,0.023808485,0.0001,0.2,1647,32.096920013427734,0.9478070139884949,0.07999999076128006
136.71,357.77149963562914,1280000,4658,113,49,0.02148371678777039,106.65621185302734,0.2236328125,210.47734451293945,0.01775258,0.0001,0.2,1648,32.096920013427734,0.9469717741012573,0.07999999076128006
136.53,357.2587748141635,1282048,4658,114,50,0.006969757843762636,90.8578872680664,0.2001953125,178.39567184448242,0.015365966,0.0001,0.2,1649,32.096920013427734,0.9608504772186279,0.07999999076128006
136.46,356.6848958264001,1284096,4659,115,50,0.015200929716229439,88.28124237060547,0.15625,178.26008097330728,0.0128835775,0.0001,0.2,1650,32.096920013427734,0.9504378437995911,0.07999999076128006
136.01,355.46932987252956,1286144,4659,116,50,0.010348251089453697,108.8158187866211,0.20963541666666666,214.3421173095703,0.018412327,0.0001,0.2,1651,32.096920013427734,0.9479642510414124,0.07999999076128006
133.47,347.3120996104163,1288192,4660,117,51,0.009662348466614882,80.84127044677734,0.17708333333333334,172.3351796468099,0.01604974,0.0001,0.2,1652,32.096920013427734,0.9447305798530579,0.07999999076128006
132.39,343.0678646437908,1290240,4660,118,51,0.008701328498621782,80.2928237915039,0.2890625,143.50840759277344,0.029418727,0.0001,0.2,1653,32.096920013427734,0.9662796854972839,0.07999999076128006
131.72,341.4217689853158,1292288,4661,119,52,0.004817442347606023,156.3205108642578,0.22265625,307.05649820963544,0.020928456,0.0001,0.2,1654,32.096920013427734,0.9316576719284058,0.07999999076128006
130.42,337.9051714536699,1294336,4661,120,52,0.013891382608562708,89.14249420166016,0.2353515625,196.5308380126953,0.02044615,0.0001,0.2,1655,32.096920013427734,0.9550579190254211,0.07999999076128006
130.01,336.46579389545934,1296384,4661,121,53,0.006436373293399811,87.87576293945312,0.209375,219.15267028808594,0.01604947,0.0001,0.2,1656,32.096920013427734,0.9392422437667847,0.07999999076128006
128.97,333.6921764914776,1298432,4661,122,53,0.01702471524477005,84.98605346679688,0.23203125,185.91458435058593,0.017823335,0.0001,0.2,1657,32.096920013427734,0.9573586583137512,0.07999999076128006
129.3,334.5920965943548,1300480,4662,123,54,0.005625782844920953,108.54447174072266,0.15494791666666666,215.44247436523438,0.015791506,0.0001,0.2,1658,32.096920013427734,0.9412463307380676,0.07999999076128006
126.68,327.21112809594575,1302528,4662,124,54,0.019556014488140743,87.85826110839844,0.15494791666666666,184.15882364908853,0.013123852,0.0001,0.2,1659,32.096920013427734,0.950823187828064,0.07999999076128006
128.1,331.67118137631434,1304576,4663,125,54,0.009632371055583159,136.5816650390625,0.171875,262.39561971028644,0.014241849,0.0001,0.2,1660,32.096920013427734,0.9460565447807312,0.07999999076128006
130.4,338.3284035482065,1306624,4663,126,55,0.017057377961464226,105.62378692626953,0.224609375,206.91428756713867,0.02400736,0.0001,0.2,1661,32.096920013427734,0.9424393177032471,0.07999999076128006
129.43,335.74686487337755,1308672,4663,127,55,0.002094181952998042,86.88821411132812,0.1806640625,182.6709861755371,0.0142360255,0.0001,0.2,1662,32.096920013427734,0.9577472805976868,0.07999999076128006
129.53,336.23845337425547,1310720,4663,128,56,0.008751883637160063,96.47541046142578,0.2390625,180.49277954101564,0.018483251,0.0001,0.2,1663,32.096920013427734,0.9606067538261414,0.07999999076128006
130.72,340.19245084333556,1312768,4663,129,56,0.01833890119035329,73.7496337890625,0.265625,167.08358764648438,0.024505999,0.0001,0.2,1664,32.096920013427734,0.956267774105072,0.07999999076128006
130.26,339.44870856209593,1314816,4664,130,57,0.009727433323860168,102.05763244628906,0.25390625,235.50601959228516,0.024090284,0.0001,0.2,1665,32.096920013427734,0.9347923994064331,0.07999999076128006
132.33,345.36890751737576,1316864,4664,131,57,0.009640352800488472,110.30465698242188,0.181640625,204.4082260131836,0.015088759,0.0001,0.2,1666,32.096920013427734,0.9446730613708496,0.07999999076128006
129.99,338.03928414390356,1318912,4665,132,57,0.002745607867836952,140.30734252929688,0.203125,261.06153106689453,0.015457332,0.0001,0.2,1667,32.096920013427734,0.9529730081558228,0.07999999076128006
128.61,334.1921847478714,1320960,4665,133,58,0.039611478646596275,100.54947662353516,0.2513020833333333,238.96305338541666,0.030253647,0.0001,0.2,1668,32.096920013427734,0.9473022818565369,0.07999999076128006
126.93,328.3868297423108,1323008,4666,134,58,0.011614182343085607,59.06318283081055,0.20182291666666666,155.78882344563803,0.020340908,0.0001,0.2,1669,32.096920013427734,0.9588916897773743,0.07999999076128006
125.42,323.04088742152317,1325056,4666,135,59,0.020518094611664612,136.40135192871094,0.22135416666666666,243.99628194173178,0.023208661,0.0001,0.2,1670,32.096920013427734,0.9452196359634399,0.07999999076128006
122.17,312.89326223983585,1327104,4666,136,59,0.014524954992036024,98.69763946533203,0.1875,204.38961791992188,0.016364643,0.0001,0.2,1671,32.096920013427734,0.9530224204063416,0.07999999076128006
122.06,312.5246693725549,1329152,4667,137,60,0.012653426849283278,129.57098388671875,0.255859375,256.3362693786621,0.025609672,0.0001,0.2,1672,32.096920013427734,0.9452019929885864,0.07999999076128006
122.43,312.99353452947094,1331200,4667,138,60,0.00947560416534543,102.30630493164062,0.19140625,191.57953262329102,0.01592364,0.0001,0.2,1673,32.096920013427734,0.9490524530410767,0.07999999076128006
123.66,316.2353552962719,1333248,4667,139,60,0.028086639009416103,85.57325744628906,0.23828125,194.7384033203125,0.018267572,0.0001,0.2,1674,32.096920013427734,0.9580433368682861,0.07999999076128006
124.2,317.3857976736167,1335296,4667,140,61,0.01765553969889879,125.30335998535156,0.2375,228.57777099609376,0.021189611,0.0001,0.2,1675,32.096920013427734,0.92470383644104,0.07999999076128006
122.96,313.8498446204692,1337344,4668,141,61,0.003838188791026672,105.1399917602539,0.1484375,212.8344268798828,0.014945698,0.0001,0.2,1676,32.096920013427734,0.9486659169197083,0.07999999076128006
122.39,311.8414231818392,1339392,4668,142,62,0.024515112116932868,145.16310119628906,0.21796875,293.7510559082031,0.018638263,0.0001,0.2,1677,32.096920013427734,0.9222463369369507,0.07999999076128006
121.04,308.21947387520805,1341440,4668,143,62,0.008124523982405662,97.80144500732422,0.17109375,251.27774047851562,0.012985611,0.0001,0.2,1678,32.096920013427734,0.9467080235481262,0.07999999076128006
119.13,303.0121006783853,1343488,4668,144,63,0.014648466929793358,117.51937866210938,0.19375,241.4503631591797,0.01612996,0.0001,0.2,1679,32.096920013427734,0.9445498585700989,0.07999999076128006
117.92,299.57061599464765,1345536,4669,145,63,0.003987329313531518,87.51392364501953,0.1533203125,229.484130859375,0.012783321,0.0001,0.2,1680,32.096920013427734,0.9499460458755493,0.07999999076128006
116.86,296.5575571239388,1347584,4669,146,64,0.018153823912143707,130.60414123535156,0.2197265625,299.5513381958008,0.019337036,0.0001,0.2,1681,32.096920013427734,0.9054012298583984,0.07999999076128006
117.55,297.97874399875474,1349632,4669,147,64,0.012971841264516115,100.1750259399414,0.1953125,170.37508010864258,0.015743501,0.0001,0.2,1682,32.096920013427734,0.9553540945053101,0.07999999076128006
117.83,299.3210564825052,1351680,4668,148,64,0.026262845223148663,132.52496337890625,0.22135416666666666,259.14833577473956,0.0187976,0.0001,0.2,1683,32.096920013427734,0.9358323216438293,0.07999999076128006
117.66,298.5507445399629,1353728,4666,149,65,0.013165047857910395,122.72779846191406,0.2080078125,262.28162002563477,0.018633608,0.0001,0.2,1684,32.096920013427734,0.9329388737678528,0.07999999076128006
118.65,301.59373699743605,1355776,4666,150,65,0.012921836052555591,127.25959014892578,0.1513671875,228.7493782043457,0.012301766,0.0001,0.2,1685,32.096920013427734,0.949333131313324,0.07999999076128006
116.16,294.1683824829359,1357824,4666,151,66,0.0020097587257623672,106.64537048339844,0.203125,262.5932846069336,0.01664127,0.0001,0.2,1686,32.096920013427734,0.9382981657981873,0.07999999076128006
115.94,293.52039649779897,1359872,4667,152,66,0.00825501186773181,84.05741882324219,0.1611328125,229.46508026123047,0.014034032,0.0001,0.2,1687,32.096920013427734,0.9503411650657654,0.07999999076128006
117.78,299.19650895156536,1361920,4667,153,67,0.010747101623564959,121.23158264160156,0.19140625,256.9487609863281,0.013981535,0.0001,0.2,1688,32.096920013427734,0.9317453503608704,0.07999999076128006
118.3,300.7861646812512,1363968,4666,154,67,0.024849500972777605,149.8839569091797,0.1796875,257.7054862976074,0.016865997,0.0001,0.2,1689,32.096920013427734,0.9384799599647522,0.07999999076128006
119.06,302.99380961898277,1366016,4666,155,68,0.0032228689640760423,124.67224884033203,0.17890625,265.48325805664064,0.014676322,0.0001,0.2,1690,32.096920013427734,0.9228752255439758,0.07999999076128006
118.56,300.7210671394047,1368064,4667,156,68,0.006369016598910093,62.14677047729492,0.1640625,125.70730209350586,0.013947727,0.0001,0.2,1691,32.096920013427734,0.9687716364860535,0.07999999076128006
120.16,304.8133109756152,1370112,4667,157,68,0.007501424755901098,92.4824447631836,0.13671875,181.86497497558594,0.013249097,0.0001,0.2,1692,32.096920013427734,0.9540902376174927,0.07999999076128006
119.89,303.98402704328385,1372160,4667,158,69,-0.004411629866808653,75.39456176757812,0.1748046875,193.52399826049805,0.015807556,0.0001,0.2,1693,32.096920013427734,0.9551517367362976,0.07999999076128006
119.06,300.9004603199214,1374208,4667,159,69,0.01601415853947401,87.2576904296875,0.21875,156.31430053710938,0.019238958,0.0001,0.2,1694,32.096920013427734,0.9623088240623474,0.07999999076128006
121.48,307.5413854209613,1376256,4667,160,70,0.005222463980317116,104.39952850341797,0.150390625,222.44164276123047,0.013084692,0.0001,0.2,1695,32.096920013427734,0.934230625629425,0.07999999076128006
121.38,306.71390327608543,1378304,4668,161,70,0.014006387814879418,74.59339904785156,0.23984375,156.66259155273437,0.021664003,0.0001,0.2,1696,32.096920013427734,0.9607893228530884,0.07999999076128006
124.3,315.12915383048306,1380352,4668,162,71,0.009524390567094088,81.179931640625,0.173828125,177.57682418823242,0.01342533,0.0001,0.2,1697,32.096920013427734,0.9453234076499939,0.07999999076128006
126.89,322.7169817853331,1382400,4668,163,71,0.009889945387840271,59.37837219238281,0.173828125,131.4176082611084,0.013087729,0.0001,0.2,1698,32.096920013427734,0.9666104316711426,0.07999999076128006
128.57,327.9314242673048,1384448,4669,164,71,0.013065955834463239,74.44549560546875,0.2041015625,151.0238914489746,0.01731523,0.0001,0.2,1699,32.096920013427734,0.9544630646705627,0.07999999076128006
129.79,331.4360342494799,1386496,4669,165,72,0.009958032829066118,92.80506896972656,0.17838541666666666,158.48853556315103,0.014865778,0.0001,0.2,1700,32.096920013427734,0.9582821726799011,0.07999999076128006
129.45,329.5749217074891,1388544,4670,166,72,0.007487509710093339,78.74575805664062,0.1875,169.9404754638672,0.013738698,0.0001,0.2,1701,32.096920013427734,0.9477801322937012,0.07999999076128006
130.55,333.46602400557344,1390592,4666,167,73,0.015422979136928916,79.16437530517578,0.2275390625,149.8377799987793,0.020496657,0.0001,0.2,1702,32.096920013427734,0.9665191173553467,0.07999999076128006
130.99,334.46157126503704,1392640,4664,168,73,0.007283100858330727,91.59246826171875,0.244140625,187.29682413736978,0.01731717,0.0001,0.2,1703,32.096920013427734,0.9289316534996033,0.07999999076128006
130.78,333.5595889733959,1394688,4663,169,74,0.013373004272580147,89.12470245361328,0.21875,187.00059204101564,0.017116144,0.0001,0.2,1704,32.096920013427734,0.9542089104652405,0.07999999076128006
130.63,332.77408788143276,1396736,4664,170,74,0.014989598654210567,78.64767456054688,0.2060546875,150.295166015625,0.01562186,0.0001,0.2,1705,32.096920013427734,0.9632884860038757,0.07999999076128006
130.11,331.452624806507,1398784,4664,171,75,0.0034860612358897924,113.86743927001953,0.21484375,200.06188201904297,0.017182894,0.0001,0.2,1706,32.096920013427734,0.9514679312705994,0.07999999076128006
131.17,334.6075914079863,1400832,4664,172,75,0.012072772718966007,57.193519592285156,0.25,120.7641773223877,0.0198714,0.0001,0.2,1707,32.096920013427734,0.9655132293701172,0.07999999076128006
134.25,343.9660277416491,1402880,4664,173,75,-0.00011957498888174693,94.54199981689453,0.16536458333333334,215.75376892089844,0.013219186,0.0001,0.2,1708,32.096920013427734,0.9433910846710205,0.07999999076128006
135.23,346.7562427744206,1404928,4665,174,76,0.0140509232878685,93.10039520263672,0.2216796875,172.65271759033203,0.018939964,0.0001,0.2,1709,32.096920013427734,0.941818118095398,0.07999999076128006
137.97,355.8113893686032,1406976,4665,175,76,0.01041879535963138,75.92194366455078,0.2265625,171.95773061116537,0.016346455,0.0001,0.2,1710,32.096920013427734,0.9270375967025757,0.07999999076128006
138.79,359.0273322174471,1409024,4665,176,77,0.0034798896173015236,50.984764099121094,0.2203125,127.36576232910156,0.028589197,0.0001,0.2,1712,32.096920013427734,0.96662437915802,0.07999999076128006
142.43,371.5200261619556,1411072,4665,177,77,0.026049582986161113,72.64022827148438,0.26171875,137.62478065490723,0.021235593,0.0001,0.2,1713,32.096920013427734,0.8839714527130127,0.07999999076128006
143.95,376.1706258170577,1413120,4665,178,78,0.017291789501905443,81.06063842773438,0.221875,156.4463134765625,0.01761941,0.0001,0.2,1714,32.096920013427734,0.952134370803833,0.07999999076128006
145.53,381.3885368405775,1415168,4666,179,78,0.013661181554198265,70.08680725097656,0.17578125,138.11776733398438,0.012749523,0.0001,0.2,1715,32.096920013427734,0.9414263963699341,0.07999999076128006
146.34,385.1749095061079,1417216,4667,180,78,0.0028171700735886893,80.13395690917969,0.19270833333333334,154.43948364257812,0.013575994,0.0001,0.2,1716,32.096920013427734,0.9272476434707642,0.07999999076128006
144.6,379.61762957824794,1419264,4667,181,79,0.012084491667337716,77.76536560058594,0.20703125,177.26882934570312,0.016871102,0.0001,0.2,1717,32.096920013427734,0.9348521828651428,0.07999999076128006
146.09,385.728806606416,1421312,4667,182,79,0.016164660919457674,96.79297637939453,0.193359375,195.13488006591797,0.016508784,0.0001,0.2,1718,32.096920013427734,0.9479824304580688,0.07999999076128006
146.09,385.9430662591541,1423360,4667,183,80,0.0015916312113404274,54.17390823364258,0.1845703125,109.5295639038086,0.014430083,0.0001,0.2,1719,32.096920013427734,0.9621829390525818,0.07999999076128006
145.91,385.9673268438751,1425408,4667,184,80,0.017394226789474488,70.77667236328125,0.2296875,150.8369140625,0.019348722,0.0001,0.2,1720,32.096920013427734,0.8757549524307251,0.07999999076128006
146.13,387.23571038894903,1427456,4668,185,81,0.016437257019182045,46.2236213684082,0.2265625,106.05609893798828,0.019534968,0.0001,0.2,1721,32.096920013427734,0.9717919826507568,0.07999999076128006
145.61,386.3726861032573,1429504,4668,186,81,0.011962714915474256,65.95043182373047,0.22916666666666666,135.23126220703125,0.018799007,0.0001,0.2,1722,32.096920013427734,0.8722859025001526,0.07999999076128006
144.98,385.034502068061,1431552,4668,187,82,0.014324742718599737,50.07301712036133,0.2138671875,110.07631492614746,0.019494858,0.0001,0.2,1723,32.096920013427734,0.9654014110565186,0.07999999076128006
145.26,387.4385418629134,1433600,4668,188,82,0.01011224975809455,78.02111053466797,0.20963541666666666,165.42800903320312,0.017371217,0.0001,0.2,1724,32.096920013427734,0.9242656230926514,0.07999999076128006
144.5,385.3351402822237,1435648,4668,189,82,0.03060493036173284,67.61289978027344,0.2916666666666667,151.6649424235026,0.033002466,0.0001,0.2,1725,32.096920013427734,0.9618070125579834,0.07999999076128006
142.17,377.6627206964251,1437696,4668,190,83,0.0065426870714873075,121.1773910522461,0.20442708333333334,192.5500691731771,0.0149372155,0.0001,0.2,1726,32.096920013427734,0.9061943888664246,0.07999999076128006
140.83,373.56411443438077,1439744,4669,191,83,0.021435120453437168,47.789398193359375,0.2604166666666667,108.60830179850261,0.021164099,0.0001,0.2,1727,32.096920013427734,0.974195122718811,0.07999999076128006
138.45,366.46312957045507,1441792,4669,192,84,0.00799459870904684,90.12238311767578,0.216796875,171.16394805908203,0.017297668,0.0001,0.2,1728,32.096920013427734,0.9530139565467834,0.07999999076128006
137.14,362.0349785461574,1443840,4669,193,84,0.00902764368802309,53.295650482177734,0.165625,141.19742736816406,0.013602349,0.0001,0.2,1729,32.096920013427734,0.9506098031997681,0.07999999076128006
137.8,362.4104028279029,1445888,4669,194,85,0.01923862999926011,48.5960578918457,0.23567708333333334,118.63838577270508,0.021222727,0.0001,0.2,1730,32.096920013427734,0.9657896757125854,0.07999999076128006
136.67,358.48069319570476,1447936,4669,195,85,0.011720819398760796,89.97653198242188,0.21484375,180.02066040039062,0.016268251,0.0001,0.2,1731,32.096920013427734,0.9559620022773743,0.07999999076128006
136.48,357.80026938931246,1449984,4670,196,85,0.016262199729681015,73.51866912841797,0.25,142.0389175415039,0.02769063,0.0001,0.2,1732,32.096920013427734,0.9668011665344238,0.07999999076128006
136.93,358.71136976084995,1452032,4670,197,86,0.02200162783265114,73.06049346923828,0.26953125,140.9808349609375,0.033935077,0.0001,0.2,1733,32.096920013427734,0.9469646215438843,0.07999999076128006
138.42,363.01888990001027,1454080,4670,198,86,0.00041890470311045647,53.467124938964844,0.232421875,102.07358932495117,0.020883037,0.0001,0.2,1734,32.096920013427734,0.9763278961181641,0.07999999076128006
140.46,367.75722201959184,1456128,4671,199,87,0.017370109912008047,76.03733825683594,0.244140625,181.28499603271484,0.023977518,0.0001,0.2,1735,32.096920013427734,0.9370061159133911,0.07999999076128006
140.59,367.6067305459482,1458176,4671,200,87,0.02944538090378046,44.973915100097656,0.20703125,97.015380859375,0.01756214,0.0001,0.2,1736,32.096920013427734,0.9685194492340088,0.07999999076128006
141.05,368.3739256319729,1460224,4671,201,88,0.016468096214036148,74.79796600341797,0.3307291666666667,142.77892049153647,0.041578494,0.0001,0.2,1737,32.096920013427734,0.9544115662574768,0.07999999076128006
143.22,374.2814796626959,1462272,4672,202,88,0.003360392525792122,73.86571502685547,0.265625,151.5872344970703,0.021994531,0.0001,0.2,1738,32.096920013427734,0.8872447609901428,0.07999999076128006
144.67,377.04215760108923,1464320,4672,203,88,0.003167192762096723,76.63448333740234,0.19791666666666666,137.71875508626303,0.014811288,0.0001,0.2,1739,32.096920013427734,0.8732793927192688,0.07999999076128006
145.81,378.6553396945635,1466368,4672,204,89,0.010318000055849551,70.75534057617188,0.228125,127.37468872070312,0.017149001,0.0001,0.2,1740,32.096920013427734,0.9332139492034912,0.07999999076128006
146.22,378.7028070285705,1468416,4672,205,89,0.009920877714951834,46.33562088012695,0.1796875,92.70653788248698,0.016508505,0.0001,0.2,1741,32.096920013427734,0.9681048393249512,0.07999999076128006
147.85,381.66679453437683,1470464,4672,206,90,0.010046682010094324,60.1857795715332,0.19010416666666666,125.52622477213542,0.0152536705,0.0001,0.2,1742,32.096920013427734,0.9215354919433594,0.07999999076128006
147.73,380.3561890322721,1472512,4673,207,90,0.011306917915741602,57.904212951660156,0.28515625,105.62351481119792,0.028793251,0.0001,0.2,1743,32.096920013427734,0.9075554609298706,0.07999999076128006
148.42,381.2395532083903,1474560,4673,208,91,0.018667314512034256,42.95391845703125,0.3138020833333333,121.51652526855469,0.030828504,0.0001,0.2,1744,32.096920013427734,0.9532654881477356,0.07999999076128006
148.36,380.4794012267575,1476608,4673,209,91,0.0260994341224432,54.550254821777344,0.255859375,98.92432403564453,0.025212206,0.0001,0.2,1745,32.096920013427734,0.9680716395378113,0.07999999076128006
148.08,378.7888263512504,1478656,4673,210,92,0.021459152922034264,42.27550506591797,0.244140625,92.81000900268555,0.02435398,0.0001,0.2,1746,32.096920013427734,0.9014246463775635,0.07999999076128006
148.23,379.26553572938656,1480704,4674,211,92,0.007751015014946461,39.446041107177734,0.2265625,95.74491882324219,0.020268466,0.0001,0.2,1747,32.096920013427734,0.9544497728347778,0.07999999076128006
147.85,377.98409518240317,1482752,4674,212,92,-0.002625289373099804,52.355194091796875,0.255859375,107.4816665649414,0.028200522,0.0001,0.2,1748,32.096920013427734,0.8990229964256287,0.07999999076128006
147.74,377.7993863141136,1484800,4674,213,93,0.008379546692594886,48.83366012573242,0.224609375,93.13034057617188,0.020628959,0.0001,0.2,1749,32.096920013427734,0.9710202813148499,0.07999999076128006
147.7,376.944100753754,1486848,4675,214,93,0.004524300806224346,55.53257751464844,0.19140625,132.40174102783203,0.015763134,0.0001,0.2,1750,32.096920013427734,0.9325953125953674,0.07999999076128006
147.52,376.32202393365327,1488896,4675,215,94,0.016190315907200176,46.5337028503418,0.3046875,99.22963205973308,0.03751488,0.0001,0.2,1751,32.096920013427734,0.9489426612854004,0.07999999076128006
147.62,376.4802611029974,1490944,4675,216,94,0.030584295590718586,54.1031379699707,0.296875,124.3088150024414,0.03476609,0.0001,0.2,1752,32.096920013427734,0.9469677209854126,0.07999999076128006
147.23,374.72711308442507,1492992,4675,217,95,0.01143496111035347,54.25524139404297,0.23177083333333334,106.3339106241862,0.019148963,0.0001,0.2,1753,32.096920013427734,0.9414560198783875,0.07999999076128006
146.15,370.8533759777294,1495040,4675,218,95,0.00928825093433261,69.38432312011719,0.240234375,138.69901657104492,0.019820428,0.0001,0.2,1754,32.096920013427734,0.9360529184341431,0.07999999076128006
146.03,369.37275386232955,1497088,4675,219,95,0.011090635042637586,45.065757751464844,0.2296875,135.0066345214844,0.017220948,0.0001,0.2,1755,32.096920013427734,0.9396070241928101,0.07999999076128006
146.13,370.0367049386088,1499136,4676,220,96,0.014864128548651934,80.06124114990234,0.20703125,170.21276092529297,0.01876254,0.0001,0.2,1756,32.096920013427734,0.9510568380355835,0.07999999076128006
145.58,368.79385926437186,1501184,4676,221,96,0.016495485557243228,48.03379440307617,0.2451171875,92.2511215209961,0.01817863,0.0001,0.2,1757,32.096920013427734,0.9099454879760742,0.07999999076128006
145.65,369.3188296069428,1503232,4676,222,97,0.017241619527339935,61.65837097167969,0.2265625,148.46263631184897,0.018345984,0.0001,0.2,1758,32.096920013427734,0.9445635080337524,0.07999999076128006
144.88,367.3650783876625,1505280,4676,223,97,0.006054605046908061,55.0652961730957,0.19270833333333334,91.44832611083984,0.015161105,0.0001,0.2,1759,32.096920013427734,0.9393033981323242,0.07999999076128006
145.15,368.1210189077015,1507328,4676,224,98,0.012202464044094086,89.93673706054688,0.2275390625,183.09209060668945,0.018615313,0.0001,0.2,1760,32.096920013427734,0.9384811520576477,0.07999999076128006
145.75,369.68162317713654,1509376,4677,225,98,-0.001829215558245778,46.86857223510742,0.166015625,99.38410377502441,0.015990138,0.0001,0.2,1761,32.096920013427734,0.968584418296814,0.07999999076128006
146.51,372.4772388583192,1511424,4677,226,98,0.00476527150021866,58.761714935302734,0.1796875,126.6807861328125,0.0130363405,0.0001,0.2,1762,32.096920013427734,0.9227051138877869,0.07999999076128006
146.44,373.18180381338453,1513472,4677,227,99,0.015552029013633728,39.59476852416992,0.19401041666666666,79.30901336669922,0.016269946,0.0001,0.2,1763,32.096920013427734,0.9748526215553284,0.07999999076128006
147.08,374.8781504600097,1515520,4677,228,99,0.013038938554624716,41.26274871826172,0.2903645833333333,85.23114013671875,0.031577595,0.0001,0.2,1764,32.096920013427734,0.9618035554885864,0.07999999076128006
147.13,374.6157590812249,1517568,4678,229,100,0.004209501047929128,51.608551025390625,0.2421875,99.38195037841797,0.021998903,0.0001,0.2,1765,32.096920013427734,0.939709484577179,0.07999999076128006
147.51,375.4723174248616,1519616,4678,230,100,0.013957747723907232,64.79804992675781,0.2578125,124.60762532552083,0.020504415,0.0001,0.2,1766,32.096920013427734,0.9526894092559814,0.07999999076128006
147.22,374.95356630981485,1521664,4678,231,101,0.008013110142201185,131.09164428710938,0.22916666666666666,208.55575052897134,0.017877586,0.0001,0.2,1767,32.096920013427734,0.898674488067627,0.07999999076128006
146.95,373.8698575222099,1523712,4679,232,101,0.024376317858695984,44.52621078491211,0.3072916666666667,83.68790690104167,0.035183992,0.0001,0.2,1768,32.096920013427734,0.9782422780990601,0.07999999076128006
147.16,374.5130937504127,1525760,4679,233,101,0.01518343078593413,69.2626724243164,0.265625,124.86689758300781,0.024943525,0.0001,0.2,1769,32.096920013427734,0.9382206201553345,0.07999999076128006
147.58,375.5590233087721,1527808,4679,234,102,0.010834474116563797,36.79757308959961,0.228515625,76.5683479309082,0.019051136,0.0001,0.2,1770,32.096920013427734,0.9573163986206055,0.07999999076128006
147.85,376.53599880721174,1529856,4679,235,102,0.014676392388840517,35.59738540649414,0.3346354166666667,73.07135772705078,0.03418542,0.0001,0.2,1771,32.096920013427734,0.9496176838874817,0.07999999076128006
147.59,376.649340937385,1531904,4679,236,103,0.012139859609305859,50.13035583496094,0.2903645833333333,102.85593159993489,0.028227627,0.0001,0.2,1772,32.096920013427734,0.7924614548683167,0.07999999076128006
147.05,376.2725665603121,1533952,4680,237,103,0.020321767466763657,39.94538879394531,0.3059895833333333,79.94775136311848,0.036430124,0.0001,0.2,1773,32.096920013427734,0.9498860239982605,0.07999999076128006
147.95,380.44056084085526,1536000,4680,238,104,0.01683519035577774,48.48596954345703,0.33203125,100.61064910888672,0.04086268,0.0001,0.2,1774,32.096920013427734,0.9541613459587097,0.07999999076128006
148.02,381.785358712549,1538048,4680,239,104,0.002238514212270578,60.763099670410156,0.2916666666666667,115.17680358886719,0.029925568,0.0001,0.2,1775,32.096920013427734,0.8543175458908081,0.07999999076128006
147.39,382.40084050616946,1540096,4680,240,105,0.0016506776834527652,47.58019256591797,0.20572916666666666,103.77662150065105,0.020006677,0.0001,0.2,1776,32.096920013427734,0.9299337267875671,0.07999999076128006
147.11,382.2550029016943,1542144,4681,241,105,0.016279985196888447,41.01553726196289,0.203125,76.11824798583984,0.019228667,0.0001,0.2,1777,32.096920013427734,0.9685031771659851,0.07999999076128006
146.21,381.26230990995464,1544192,4681,242,105,0.002550937235355377,43.18852233886719,0.205078125,92.79812622070312,0.016404519,0.0001,0.2,1778,32.096920013427734,0.8709230422973633,0.07999999076128006
146.28,381.69007450457303,1546240,4681,243,106,0.00388971995562315,56.36446762084961,0.25,105.48779296875,0.029715367,0.0001,0.2,1779,32.096920013427734,0.9556528329849243,0.07999999076128006
146.43,382.4267428246255,1548288,4682,244,106,0.024732784368097782,45.417293548583984,0.23828125,94.81739807128906,0.024891362,0.0001,0.2,1780,32.096920013427734,0.9488321542739868,0.07999999076128006
146.84,384.6140307080308,1550336,4682,245,107,0.014248044230043888,45.54425811767578,0.23828125,93.97809600830078,0.024566427,0.0001,0.2,1781,32.096920013427734,0.9364067912101746,0.07999999076128006
147.29,386.56778434974507,1552384,4682,246,107,0.004676904529333115,47.8802490234375,0.16796875,93.3471450805664,0.016283423,0.0001,0.2,1782,32.096920013427734,0.723929762840271,0.07999999076128006
148.02,389.075900600706,1554432,4682,247,108,0.011565376538783312,45.82789611816406,0.2265625,96.05986785888672,0.020153781,0.0001,0.2,1783,32.096920013427734,0.8829989433288574,0.07999999076128006
147.8,388.6428142365869,1556480,4682,248,108,0.01587339397519827,44.43071746826172,0.17578125,86.02664184570312,0.015011843,0.0001,0.2,1784,32.096920013427734,0.9711708426475525,0.07999999076128006
148.19,391.1172122695051,1558528,4683,249,108,0.009118568462630114,66.51895904541016,0.31640625,130.80889892578125,0.035161685,0.0001,0.2,1785,32.096920013427734,0.8830491304397583,0.07999999076128006
148.7,392.8063393049757,1560576,4683,250,109,0.01914087062080701,46.82194900512695,0.234375,98.07614135742188,0.022553831,0.0001,0.2,1786,32.096920013427734,0.8476170301437378,0.07999999076128006
149.02,393.9454871768472,1562624,4683,251,109,0.0049112301009396715,63.2681884765625,0.21744791666666666,123.63189442952473,0.020938238,0.0001,0.2,1787,32.096920013427734,0.9076664447784424,0.07999999076128006
148.95,394.02360084621694,1564672,4683,252,110,0.01336312231918176,51.971858978271484,0.2760416666666667,104.20108032226562,0.02617579,0.0001,0.2,1788,32.096920013427734,0.9582279920578003,0.07999999076128006
148.72,392.9496357391917,1566720,4684,253,110,0.004894457757472992,57.11329650878906,0.2721354166666667,106.67959086100261,0.02604861,0.0001,0.2,1789,32.096920013427734,0.9408906698226929,0.07999999076128006
148.55,392.5489197118424,1568768,4683,254,111,0.01946848848213752,55.93613052368164,0.3111979166666667,115.39886474609375,0.03960982,0.0001,0.2,1790,32.096920013427734,0.9257336854934692,0.07999999076128006
148.67,393.0535816823682,1570816,4684,255,111,0.012799941003322601,50.41324234008789,0.21875,111.23110707600911,0.019465225,0.0001,0.2,1791,32.096920013427734,0.888973593711853,0.07999999076128006
148.79,392.8777300680075,1572864,4684,256,111,0.007423763861879706,61.193634033203125,0.255859375,130.2754898071289,0.021770854,0.0001,0.2,1792,32.096920013427734,0.8604702949523926,0.07999999076128006
