time/time_elapsed,time/iterations,rollout/ep_len_mean,time/total_timesteps,time/fps,rollout/ep_rew_mean,train/explained_variance,train/entropy_loss,train/std,train/policy_gradient_loss,train/learning_rate,train/value_loss,train/clip_range,train/clip_fraction,train/n_updates,train/approx_kl,train/loss
0,1,126.19,526336,4338,322.920498519063,,,,,,,,,,,
0,2,123.41,528384,4212,314.2098295954889,0.8220417499542236,32.096920013427734,0.07999999076128006,0.018176605304082234,0.0003,448.47459920247394,0.2,0.22005208333333334,1281,0.018854612,217.04574584960938
1,3,122.99,530432,4329,312.7496356522704,0.9952151775360107,32.096920013427734,0.07999999076128006,0.06102922651916742,0.0003,38.93247604370117,0.2,0.380859375,1282,0.13863643,18.28821563720703
1,4,117.4,532480,4351,295.4114103079859,0.8908612132072449,32.096920013427734,0.07999999076128006,0.037755020428448915,0.0003,483.0778350830078,0.2,0.345703125,1283,0.069326565,222.9519805908203
2,5,114.71,534528,4374,286.4232353586376,0.9750637412071228,32.096920013427734,0.07999999076128006,0.056085117161273956,0.0003,196.45977020263672,0.2,0.376953125,1284,0.079707555,106.48683166503906
2,6,111.35,536576,4376,275.4529048317681,0.9134570956230164,32.096920013427734,0.07999999076128006,0.04536113515496254,0.0003,306.46783447265625,0.2,0.3359375,1285,0.06346166,148.09710693359375
3,7,110.32,538624,4384,272.45800322065855,0.9364631175994873,32.096920013427734,0.07999999076128006,0.02992120012640953,0.0003,326.4884948730469,0.2,0.3359375,1286,0.056985233,161.39385986328125
3,8,109.24,540672,4403,270.39560952714584,0.9688858389854431,32.096920013427734,0.07999999076128006,0.022927235811948776,0.0003,170.5763816833496,0.2,0.330078125,1287,0.046541758,63.30644989013672
4,9,107.37,542720,4404,265.4192409175334,0.902073860168457,32.096920013427734,0.07999999076128006,0.024858239106833935,0.0003,533.5824279785156,0.2,0.333984375,1288,0.05053215,261.6286315917969
4,10,106.25,544768,4414,263.00341195600527,0.9466922879219055,32.096920013427734,0.07999999076128006,0.03404565528035164,0.0003,333.5727081298828,0.2,0.263671875,1289,0.03217653,139.0034637451172
5,11,104.79,546816,4422,259.35900548771184,0.9511390328407288,32.096920013427734,0.07999999076128006,0.047257671132683754,0.0003,248.95418548583984,0.2,0.259765625,1290,0.043611713,85.69384765625
5,12,102.71,548864,4424,253.43306801088937,0.9180982112884521,32.096920013427734,0.07999999076128006,0.034542655339464545,0.0003,424.6899108886719,0.2,0.283203125,1291,0.038385913,201.82301330566406
6,13,100.7,550912,4428,247.85536754430134,0.9504121541976929,32.096920013427734,0.07999999076128006,0.017893268261104822,0.0003,308.3831100463867,0.2,0.267578125,1292,0.026384978,127.9244155883789
6,14,100.29,552960,4432,246.9117173167655,0.9481602311134338,32.096920013427734,0.07999999076128006,0.009907448664307594,0.0003,230.49111938476562,0.2,0.25390625,1293,0.024060559,107.85279846191406
6,15,99.25,555008,4430,243.7262394626344,0.9189324378967285,32.096920013427734,0.07999999076128006,0.03288287948817015,0.0003,398.8029327392578,0.2,0.251953125,1294,0.02881306,200.9497528076172
7,16,99.13,557056,4434,243.71037452825996,0.9542429447174072,32.096920013427734,0.07999999076128006,0.02624961407855153,0.0003,281.544189453125,0.2,0.23828125,1295,0.022404054,143.00515747070312
7,17,100.42,559104,4433,247.76867037662586,0.9453305602073669,32.096920013427734,0.07999999076128006,0.027473936788737774,0.0003,252.1143035888672,0.2,0.232421875,1296,0.022262057,96.39725494384766
8,18,100.84,561152,4432,248.99573241279683,0.9359713792800903,32.096920013427734,0.07999999076128006,0.012116200290620327,0.0003,277.8541717529297,0.2,0.263671875,1297,0.028184738,136.92149353027344
8,19,101.45,563200,4433,251.2369467288049,0.9470773935317993,32.096920013427734,0.07999999076128006,0.02527830470353365,0.0003,262.58069610595703,0.2,0.2421875,1298,0.023683771,134.95298767089844
9,20,102.63,565248,4434,254.93645349457142,0.9452121257781982,32.096920013427734,0.07999999076128006,0.041444615460932255,0.0003,214.1364288330078,0.2,0.294921875,1299,0.0306344,104.04076385498047
9,21,103.21,567296,4432,257.0261284911657,0.9484677910804749,32.096920013427734,0.07999999076128006,0.040060415863990784,0.0003,205.98780822753906,0.2,0.30859375,1300,0.045198187,91.46227264404297
10,22,104.19,569344,4434,260.45755434319835,0.9384676814079285,32.096920013427734,0.07999999076128006,0.08457285445183516,0.0003,248.26473236083984,0.2,0.3515625,1301,0.075862125,122.29090118408203
10,23,106.7,571392,4436,268.4274193551576,0.9358736276626587,32.096920013427734,0.07999999076128006,0.08553906576707959,0.0003,220.94326782226562,0.2,0.384765625,1302,0.12605174,100.97866821289062
11,24,108.97,573440,4439,275.6919879254399,0.9277958869934082,32.096920013427734,0.07999999076128006,0.04133971547707915,0.0003,245.18275451660156,0.2,0.35546875,1303,0.08106044,112.16786193847656
11,25,112.17,575488,4441,286.4824181177043,0.9340912103652954,32.096920013427734,0.07999999076128006,0.09039478376507759,0.0003,219.02191162109375,0.2,0.3984375,1304,0.13297933,112.6046371459961
11,26,117.21,577536,4442,302.60026850722954,0.912254810333252,32.096920013427734,0.07999999076128006,0.05534319020807743,0.0003,268.7890319824219,0.2,0.380859375,1305,0.10132328,128.8137664794922
12,27,121.28,579584,4442,316.4037798831762,0.9336119890213013,32.096920013427734,0.07999999076128006,0.04753582365810871,0.0003,235.48776245117188,0.2,0.34765625,1306,0.08286591,109.21320343017578
12,28,128.43,581632,4441,338.923017489338,0.8583174347877502,32.096920013427734,0.07999999076128006,0.027160978177562356,0.0003,342.65330505371094,0.2,0.369140625,1307,0.06975022,175.76724243164062
13,29,131.78,583680,4440,349.1244551118241,0.913737416267395,32.096920013427734,0.07999999076128006,0.03070475347340107,0.0003,321.9121398925781,0.2,0.326171875,1308,0.06441558,173.400146484375
13,30,135.57,585728,4440,360.33304717230305,0.9261273741722107,32.096920013427734,0.07999999076128006,0.035364982672035694,0.0003,238.6183624267578,0.2,0.37109375,1309,0.05980449,125.56991577148438
14,31,138.1,587776,4437,365.84428723229996,0.9350041151046753,32.096920013427734,0.07999999076128006,0.03149332106113434,0.0003,246.81725311279297,0.2,0.369140625,1310,0.07623831,134.355224609375
14,32,139.32,589824,4437,365.818965833396,0.9386979341506958,32.096920013427734,0.07999999076128006,0.09968237206339836,0.0003,215.37255859375,0.2,0.41015625,1311,0.14144208,107.37098693847656
15,33,140.11,591872,4435,364.40036379532853,0.9383923411369324,32.096920013427734,0.07999999076128006,0.11466335691511631,0.0003,252.77677154541016,0.2,0.359375,1312,0.12102234,124.20071411132812
15,34,136.12,593920,4429,346.90095243090167,0.9568173289299011,32.096920013427734,0.07999999076128006,0.0671999710611999,0.0003,145.99542999267578,0.2,0.388671875,1313,0.1820952,68.50167083740234
16,35,131.1,595968,4426,328.02466765876954,0.9164168238639832,32.096920013427734,0.07999999076128006,0.08418445754796267,0.0003,330.36834716796875,0.2,0.376953125,1314,0.11131875,179.82411193847656
16,36,127.51,598016,4424,315.00260731444496,0.9336227178573608,32.096920013427734,0.07999999076128006,0.09587006457149982,0.0003,292.92374420166016,0.2,0.396484375,1315,0.15902221,173.50025939941406
17,37,120.08,600064,4421,289.29184020216326,0.896994411945343,32.096920013427734,0.07999999076128006,0.07982314936816692,0.0003,396.1439208984375,0.2,0.3671875,1316,0.1497486,199.40650939941406
17,38,113.79,602112,4420,270.77652748892416,0.925432562828064,32.096920013427734,0.07999999076128006,0.05162039678543806,0.0003,434.4862518310547,0.2,0.384765625,1317,0.13777728,213.66909790039062
18,39,109.19,604160,4411,255.78477328734118,0.9076678156852722,32.096920013427734,0.07999999076128006,0.05273847095668316,0.0003,403.76625061035156,0.2,0.376953125,1318,0.13534363,178.79193115234375
18,40,105.74,606208,4353,245.58907762195878,0.8964940309524536,32.096920013427734,0.07999999076128006,0.09903566667344421,0.0003,457.050048828125,0.2,0.37109375,1319,0.12708704,219.73928833007812
19,41,104.68,608256,4353,240.88218782591684,0.9116073846817017,32.096920013427734,0.07999999076128006,0.08115073619410396,0.0003,390.34742736816406,0.2,0.357421875,1320,0.11078396,218.2508087158203
19,42,103.97,610304,4357,238.25180007825503,0.9334378242492676,32.096920013427734,0.07999999076128006,0.07283935323357582,0.0003,306.5502471923828,0.2,0.400390625,1321,0.22106254,150.19700622558594
20,43,103.2,612352,4360,235.263335153661,0.9211008548736572,32.096920013427734,0.07999999076128006,0.07110113650560379,0.0003,380.63739013671875,0.2,0.353515625,1322,0.113689244,189.96580505371094
20,44,101.37,614400,4365,230.33946960347643,0.9080427885055542,32.096920013427734,0.07999999076128006,0.07584110461175442,0.0003,433.91294860839844,0.2,0.341796875,1323,0.124570355,182.0946044921875
21,45,97.14,616448,4369,219.65939919297114,0.9218200445175171,32.096920013427734,0.07999999076128006,0.06471644714474678,0.0003,383.89500427246094,0.2,0.3515625,1324,0.13916592,183.3773651123047
21,46,93.94,618496,4373,212.4948139431854,0.9165850877761841,32.096920013427734,0.07999999076128006,0.07045790553092957,0.0003,451.1996612548828,0.2,0.3828125,1325,0.1725529,225.68809509277344
22,47,90.72,620544,4373,205.51056988044874,0.9156804084777832,32.096920013427734,0.07999999076128006,0.047863155603408813,0.0003,476.5256042480469,0.2,0.337890625,1326,0.109111264,192.6754913330078
22,48,88.09,622592,4376,200.2956838852054,0.9368375539779663,32.096920013427734,0.07999999076128006,0.045570592395961285,0.0003,396.0930633544922,0.2,0.33984375,1327,0.088924944,134.35671997070312
22,49,85.71,624640,4379,194.98787787192776,0.9216345548629761,32.096920013427734,0.07999999076128006,0.06220646854490042,0.0003,508.79638671875,0.2,0.3671875,1328,0.07894479,255.97633361816406
23,50,84.47,626688,4382,192.74894796536373,0.9199756383895874,32.096920013427734,0.07999999076128006,0.03167787962593138,0.0003,471.8641662597656,0.2,0.330078125,1329,0.070112795,198.84420776367188
23,51,83.69,628736,4387,191.67187549963907,0.9349066615104675,32.096920013427734,0.07999999076128006,0.01563931116834283,0.0003,372.439697265625,0.2,0.298828125,1330,0.045064643,198.0369873046875
24,52,83.22,630784,4390,191.17276904773905,0.9348359704017639,32.096920013427734,0.07999999076128006,0.038100865902379155,0.0003,370.3470764160156,0.2,0.298828125,1331,0.048915602,174.58592224121094
24,53,83.73,632832,4395,193.14977983774688,0.9215257167816162,32.096920013427734,0.07999999076128006,0.027333764359354973,0.0003,444.9553985595703,0.2,0.283203125,1332,0.030443199,230.91006469726562
25,54,84.16,634880,4398,194.45186510461198,0.9243606925010681,32.096920013427734,0.07999999076128006,0.01493117306381464,0.0003,382.25732421875,0.2,0.275390625,1333,0.030438736,172.89634704589844
25,55,84.23,636928,4401,195.76703380983622,0.9300058484077454,32.096920013427734,0.07999999076128006,0.019932648167014122,0.0003,333.4253692626953,0.2,0.27734375,1334,0.034687657,160.55751037597656
26,56,84.89,638976,4404,197.96077326399285,0.9176670908927917,32.096920013427734,0.07999999076128006,0.01658998243510723,0.0003,395.779296875,0.2,0.275390625,1335,0.03173911,182.2337646484375
26,57,85.45,641024,4401,200.39142771309383,0.8923080563545227,32.096920013427734,0.07999999076128006,0.023375288117676973,0.0003,447.83094787597656,0.2,0.283203125,1336,0.04817126,215.67095947265625
26,58,85.49,643072,4405,200.90601044954892,0.9102234840393066,32.096920013427734,0.07999999076128006,0.031064036302268505,0.0003,418.2207946777344,0.2,0.30859375,1337,0.053030252,227.94981384277344
27,59,86.47,645120,4410,204.0877236786064,0.8615605235099792,32.096920013427734,0.07999999076128006,0.0439496785402298,0.0003,532.7869873046875,0.2,0.3125,1338,0.064519435,263.6485290527344
27,60,86.75,647168,4414,204.29435708608295,0.9209243059158325,32.096920013427734,0.07999999076128006,0.04902052879333496,0.0003,346.36572265625,0.2,0.32421875,1339,0.06463194,149.37428283691406
28,61,90.26,649216,4417,211.38354519060226,0.9019650220870972,32.096920013427734,0.07999999076128006,0.04579444043338299,0.0003,350.51808166503906,0.2,0.31640625,1340,0.059300467,186.48387145996094
28,62,95.56,651264,4421,225.36847403202594,0.7901438474655151,32.096920013427734,0.07999999076128006,0.027973590651527047,0.0003,715.0609741210938,0.2,0.32421875,1341,0.042421296,349.59014892578125
29,63,97.26,653312,4424,229.87364233296333,0.8702126145362854,32.096920013427734,0.07999999076128006,0.047754837200045586,0.0003,439.94073486328125,0.2,0.3046875,1342,0.051115755,222.8657989501953
29,64,101.47,655360,4428,240.30117084688493,0.843775749206543,32.096920013427734,0.07999999076128006,0.027815050445497036,0.0003,361.0840759277344,0.2,0.302734375,1343,0.043272737,176.34022521972656
30,65,106.46,657408,4431,255.98684389682643,0.876152753829956,32.096920013427734,0.07999999076128006,0.0321615906432271,0.0003,380.1493682861328,0.2,0.2734375,1344,0.030897513,177.98712158203125
30,66,106.93,659456,4434,258.0843971344773,0.910064160823822,32.096920013427734,0.07999999076128006,0.06370191089808941,0.0003,262.5747528076172,0.2,0.357421875,1345,0.07928224,144.07342529296875
30,67,108.8,661504,4437,265.2887585536869,0.8442575931549072,32.096920013427734,0.07999999076128006,0.05158927757292986,0.0003,401.060546875,0.2,0.36328125,1346,0.0881859,165.0277862548828
31,68,109.31,663552,4441,267.1842981640166,0.8658738136291504,32.096920013427734,0.07999999076128006,0.06775199249386787,0.0003,424.19744873046875,0.2,0.349609375,1347,0.083827,198.3531036376953
31,69,112.72,665600,4444,277.11539377642936,0.7764744758605957,32.096920013427734,0.07999999076128006,0.048031373880803585,0.0003,560.5950622558594,0.2,0.345703125,1348,0.05959379,310.634033203125
32,70,113.55,667648,4447,280.5984612817277,0.863813042640686,32.096920013427734,0.07999999076128006,0.036511789076030254,0.0003,472.30291748046875,0.2,0.31640625,1349,0.055571243,240.7229766845703
32,71,118.07,669696,4451,292.7106059996702,0.8099682331085205,32.096920013427734,0.07999999076128006,0.030743252485990524,0.0003,482.62103271484375,0.2,0.314453125,1350,0.05708505,213.71778869628906
33,72,121.4,671744,4454,303.10290150571785,0.7995663285255432,32.096920013427734,0.07999999076128006,0.02067873300984502,0.0003,507.68824768066406,0.2,0.322265625,1351,0.04360151,254.90130615234375
33,73,123.27,673792,4458,308.3529450356264,0.7628653049468994,32.096920013427734,0.07999999076128006,0.023912666831165552,0.0003,613.7881469726562,0.2,0.26171875,1352,0.0306928,273.2764892578125
33,74,126.89,675840,4461,317.04429659634167,0.8052648901939392,32.096920013427734,0.07999999076128006,0.021704255137592554,0.0003,483.7677917480469,0.2,0.306640625,1353,0.040490393,236.1956787109375
34,75,126.12,677888,4461,315.2550297083951,0.8242045044898987,32.096920013427734,0.07999999076128006,0.058193534379824996,0.0003,374.52685546875,0.2,0.3125,1354,0.05211857,202.21910095214844
34,76,126.32,679936,4462,316.8555070824596,0.8134860396385193,32.096920013427734,0.07999999076128006,0.039102211594581604,0.0003,546.5972290039062,0.2,0.337890625,1355,0.057126552,264.1319274902344
35,77,123.54,681984,4461,307.37408987443473,0.817695140838623,32.096920013427734,0.07999999076128006,0.039719161577522755,0.0003,509.8354797363281,0.2,0.302734375,1356,0.04340779,207.73513793945312
35,78,119.72,684032,4464,294.3810693834767,0.8502527475357056,32.096920013427734,0.07999999076128006,0.04070346616208553,0.0003,418.09405517578125,0.2,0.3046875,1357,0.04792262,226.5056915283203
36,79,115.43,686080,4466,282.3307446258091,0.8356608748435974,32.096920013427734,0.07999999076128006,0.036410825327038765,0.0003,426.3385314941406,0.2,0.3203125,1358,0.046165694,221.62722778320312
36,80,111.27,688128,4469,268.5773401810777,0.8496829271316528,32.096920013427734,0.07999999076128006,0.032340544275939465,0.0003,445.0717315673828,0.2,0.302734375,1359,0.037866145,202.2222137451172
37,81,106.45,690176,4471,252.04745033178173,0.8678596615791321,32.096920013427734,0.07999999076128006,0.016249267850071192,0.0003,442.29766845703125,0.2,0.267578125,1360,0.031400684,224.74119567871094
37,82,100.91,692224,4473,235.43577474114159,0.8859981298446655,32.096920013427734,0.07999999076128006,0.020442158915102482,0.0003,352.4918212890625,0.2,0.255859375,1361,0.029714972,174.72752380371094
37,83,97.79,694272,4475,226.74956666489254,0.9113693237304688,32.096920013427734,0.07999999076128006,0.015755190514028072,0.0003,348.85125732421875,0.2,0.234375,1362,0.02220829,194.62705993652344
38,84,93.66,696320,4477,213.79250604604115,0.9196236729621887,32.096920013427734,0.07999999076128006,0.01252856943756342,0.0003,324.0039978027344,0.2,0.224609375,1363,0.017151712,162.4499969482422
38,85,92.61,698368,4478,209.87919535816664,0.8905377984046936,32.096920013427734,0.07999999076128006,0.02336096204817295,0.0003,300.65467834472656,0.2,0.2265625,1364,0.016493695,144.8567352294922
39,86,90.69,700416,4479,203.55852268925213,0.932745635509491,32.096920013427734,0.07999999076128006,0.0281925064822038,0.0003,247.41529337565103,0.2,0.3684895833333333,1365,0.042980667,98.29036712646484
39,87,91.83,702464,4481,205.14459750606812,0.9025847911834717,32.096920013427734,0.07999999076128006,0.014177381992340088,0.0003,351.13543701171875,0.2,0.21484375,1366,0.01906373,149.47665405273438
40,88,93.16,704512,4482,208.0693333288186,0.9021829962730408,32.096920013427734,0.07999999076128006,0.01946086436510086,0.0003,288.24489339192706,0.2,0.3216145833333333,1367,0.043269128,145.71844482421875
40,89,92.15,706560,4484,205.42812932224157,0.9094258546829224,32.096920013427734,0.07999999076128006,0.01773984171450138,0.0003,294.560297648112,0.2,0.3229166666666667,1368,0.031159908,106.70477294921875
41,90,91.97,708608,4485,206.3572881116283,0.9243034720420837,32.096920013427734,0.07999999076128006,0.025562498718500137,0.0003,228.05060831705728,0.2,0.2708333333333333,1369,0.022300662,108.42201232910156
41,91,90.04,710656,4487,202.5910003049183,0.9547914266586304,32.096920013427734,0.07999999076128006,0.014350058510899544,0.0003,144.92675018310547,0.2,0.25,1370,0.027429543,70.28421020507812
41,92,90.32,712704,4489,203.8954358136859,0.9236841201782227,32.096920013427734,0.07999999076128006,0.018224050290882587,0.0003,239.6739044189453,0.2,0.240234375,1371,0.022443686,109.19255065917969
42,93,90.74,714752,4490,204.33816311823333,0.9271718263626099,32.096920013427734,0.07999999076128006,0.04636109061539173,0.0003,205.31745147705078,0.2,0.345703125,1372,0.06744975,91.0870361328125
42,94,89.75,716800,4492,201.35468421345658,0.9408573508262634,32.096920013427734,0.07999999076128006,0.02288983389735222,0.0003,190.0242462158203,0.2,0.306640625,1373,0.049256884,85.23204040527344
43,95,89.56,718848,4494,200.72258832294136,0.9614721536636353,32.096920013427734,0.07999999076128006,0.040604799054563046,0.0003,132.09459686279297,0.2,0.333984375,1374,0.07021321,56.23263168334961
43,96,87.22,720896,4495,194.65050290985909,0.9499614834785461,32.096920013427734,0.07999999076128006,0.03897687699645758,0.0003,145.24488067626953,0.2,0.34765625,1375,0.08963989,79.3093490600586
44,97,86.15,722944,4497,191.56427120074287,0.9522033333778381,32.096920013427734,0.07999999076128006,0.040106710977852345,0.0003,134.95145416259766,0.2,0.36328125,1376,0.088276334,73.71713256835938
44,98,85.64,724992,4498,190.23007476104192,0.9557735919952393,32.096920013427734,0.07999999076128006,0.07745543215423822,0.0003,119.94843673706055,0.2,0.376953125,1377,0.10617791,58.08163070678711
45,99,85.6,727040,4500,190.22023663959385,0.9535177946090698,32.096920013427734,0.07999999076128006,0.05948198400437832,0.0003,127.10803604125977,0.2,0.365234375,1378,0.112796426,61.21377944946289
45,100,85.59,729088,4502,190.5779649688936,0.9576520919799805,32.096920013427734,0.07999999076128006,0.0649934159591794,0.0003,118.56082153320312,0.2,0.373046875,1379,0.11180358,53.54886245727539
45,101,87.71,731136,4503,196.4137723186282,0.9485670924186707,32.096920013427734,0.07999999076128006,0.11745795793831348,0.0003,124.17244720458984,0.2,0.400390625,1380,0.1656359,70.15678405761719
46,102,90.24,733184,4505,204.2014467804925,0.9369796514511108,32.096920013427734,0.07999999076128006,0.0406232294626534,0.0003,168.55880737304688,0.2,0.408203125,1381,0.1396447,93.3875961303711
46,103,92.53,735232,4507,212.11668883241381,0.9217139482498169,32.096920013427734,0.07999999076128006,0.0551166464574635,0.0003,160.56700134277344,0.2,0.369140625,1382,0.10347497,71.99685668945312
47,104,95.18,737280,4509,220.76344126977475,0.9192596673965454,32.096920013427734,0.07999999076128006,0.046042852103710175,0.0003,175.4671173095703,0.2,0.3515625,1383,0.07752923,90.36638641357422
47,105,99.65,739328,4511,234.10541245024382,0.9055213332176208,32.096920013427734,0.07999999076128006,0.044076358899474144,0.0003,219.23990631103516,0.2,0.361328125,1384,0.08924352,110.27771759033203
48,106,102.83,741376,4513,244.74453670015595,0.8613958358764648,32.096920013427734,0.07999999076128006,0.057651928160339594,0.0003,361.4230041503906,0.2,0.330078125,1385,0.062940195,181.88607788085938
48,107,106.19,743424,4515,255.25243008829733,0.8976747989654541,32.096920013427734,0.07999999076128006,0.03845999389886856,0.0003,255.65347290039062,0.2,0.34375,1386,0.052851863,124.0058364868164
48,108,108.73,745472,4517,263.5099817434367,0.8561379909515381,32.096920013427734,0.07999999076128006,0.037151647033169866,0.0003,342.26043701171875,0.2,0.3125,1387,0.04791928,144.31175231933594
49,109,110.2,747520,4519,267.6173288375678,0.8977550268173218,32.096920013427734,0.07999999076128006,0.03952670469880104,0.0003,241.0721435546875,0.2,0.318359375,1388,0.04415068,116.20746612548828
49,110,111.46,749568,4520,271.84908288055635,0.8422142863273621,32.096920013427734,0.07999999076128006,0.03320914879441261,0.0003,330.41334533691406,0.2,0.302734375,1389,0.04212951,164.04348754882812
50,111,113.6,751616,4522,277.54316785757584,0.8925886154174805,32.096920013427734,0.07999999076128006,0.026786429341882467,0.0003,282.62770080566406,0.2,0.255859375,1390,0.029433178,128.12747192382812
50,112,114.82,753664,4524,282.1581500232126,0.8134279251098633,32.096920013427734,0.07999999076128006,0.031565465964376926,0.0003,435.5419921875,0.2,0.26953125,1391,0.028281754,211.24217224121094
51,113,115.99,755712,4526,285.3454383959771,0.8605201840400696,32.096920013427734,0.07999999076128006,0.015937977470457554,0.0003,359.6822204589844,0.2,0.21875,1392,0.020189038,194.3470916748047
51,114,118.93,757760,4528,292.7754047708476,0.8439786434173584,32.096920013427734,0.07999999076128006,0.020856985822319984,0.0003,330.12542724609375,0.2,0.228515625,1393,0.01988125,143.45082092285156
51,115,120.1,759808,4530,296.2004693438048,0.8840718865394592,32.096920013427734,0.07999999076128006,0.04513344541192055,0.0003,280.9160868326823,0.2,0.36328125,1394,0.046675697,105.30149841308594
52,116,123.67,761856,4530,306.72233165471033,0.8408191800117493,32.096920013427734,0.07999999076128006,0.03264818650980791,0.0003,338.44040934244794,0.2,0.2994791666666667,1395,0.030223317,150.74217224121094
52,117,124.75,763904,4532,310.44312452236056,0.8823197484016418,32.096920013427734,0.07999999076128006,0.019890015944838524,0.0003,352.38861083984375,0.2,0.23307291666666666,1396,0.021363,149.97581481933594
53,118,127.07,765952,4534,317.84160528600546,0.816188633441925,32.096920013427734,0.07999999076128006,0.01132954191416502,0.0003,349.55433146158856,0.2,0.22265625,1397,0.017925078,143.4894561767578
53,119,128.89,768000,4535,324.4533917468218,0.875627875328064,32.096920013427734,0.07999999076128006,0.023081184675296147,0.0003,320.8519694010417,0.2,0.3203125,1398,0.03956573,150.36326599121094
54,120,130.74,770048,4536,329.55468412063436,0.790134072303772,32.096920013427734,0.07999999076128006,0.013222380230824152,0.0003,420.09131876627606,0.2,0.3072916666666667,1399,0.033692025,189.90219116210938
54,121,132.41,772096,4537,336.8976951335699,0.901087760925293,32.096920013427734,0.07999999076128006,0.012539625788728396,0.0003,270.3255920410156,0.2,0.2630208333333333,1400,0.020481976,145.3210906982422
55,122,133.98,774144,4538,342.3578391018904,0.8361108899116516,32.096920013427734,0.07999999076128006,0.02235180636246999,0.0003,373.6124674479167,0.2,0.24869791666666666,1401,0.020311924,157.26364135742188
55,123,134.38,776192,4540,345.011619615611,0.8742233514785767,32.096920013427734,0.07999999076128006,0.018343071453273296,0.0003,303.1974334716797,0.2,0.216796875,1402,0.022698354,158.4606475830078
55,124,134.05,778240,4541,344.5920542222499,0.8844425678253174,32.096920013427734,0.07999999076128006,0.013148266822099686,0.0003,372.6044616699219,0.2,0.205078125,1403,0.01967512,194.29205322265625
56,125,135.1,780288,4542,348.8646504724423,0.8382560014724731,32.096920013427734,0.07999999076128006,0.023860662477090955,0.0003,407.5521240234375,0.2,0.255859375,1404,0.028319705,193.00892639160156
56,126,134.72,782336,4544,347.6256435981855,0.8755745887756348,32.096920013427734,0.07999999076128006,0.003591010347008705,0.0003,349.0885925292969,0.2,0.224609375,1405,0.018958772,169.06483459472656
57,127,134.17,784384,4545,348.02536980353665,0.8686956167221069,32.096920013427734,0.07999999076128006,0.024128267541527748,0.0003,366.3094787597656,0.2,0.220703125,1406,0.0221692,178.84716796875
57,128,133.25,786432,4546,345.998152385449,0.8641058206558228,32.096920013427734,0.07999999076128006,0.01046360470354557,0.0003,392.54425048828125,0.2,0.234375,1407,0.023538634,188.7687530517578
58,129,131.4,788480,4548,338.88682968526956,0.8863533735275269,32.096920013427734,0.07999999076128006,0.006931043695658445,0.0003,334.41087341308594,0.2,0.28515625,1408,0.03374978,161.54356384277344
58,130,130.38,790528,4549,335.1109348217285,0.8848243951797485,32.096920013427734,0.07999999076128006,0.026059620082378387,0.0003,326.1861267089844,0.2,0.28515625,1409,0.048888832,158.39610290527344
58,131,129.45,792576,4550,332.4446108831246,0.8761427402496338,32.096920013427734,0.07999999076128006,0.028126927092671394,0.0003,336.16554260253906,0.2,0.322265625,1410,0.058331996,144.7550506591797
59,132,128.02,794624,4552,327.41554003538266,0.8815940618515015,32.096920013427734,0.07999999076128006,0.015059561468660831,0.0003,347.5688781738281,0.2,0.314453125,1411,0.053138394,155.41893005371094
59,133,128.02,796672,4553,326.48748933718093,0.8781982064247131,32.096920013427734,0.07999999076128006,0.03551154024899006,0.0003,384.0713348388672,0.2,0.291015625,1412,0.046499092,183.52122497558594
60,134,128.44,798720,4554,325.70422391008714,0.8153771162033081,32.096920013427734,0.07999999076128006,0.02225081343203783,0.0003,454.7714080810547,0.2,0.283203125,1413,0.03735132,216.3625946044922
60,135,128.02,800768,4555,324.0577011310317,0.9031667709350586,32.096920013427734,0.07999999076128006,0.02009252179414034,0.0003,269.90870666503906,0.2,0.310546875,1414,0.045457713,130.66253662109375
61,136,128.21,802816,4557,324.5572346238816,0.8879069089889526,32.096920013427734,0.07999999076128006,0.03464028611779213,0.0003,319.5744323730469,0.2,0.279296875,1415,0.036804922,168.06509399414062
61,137,127.55,804864,4558,320.66390771373517,0.8907423615455627,32.096920013427734,0.07999999076128006,0.03779911994934082,0.0003,336.8171691894531,0.2,0.302734375,1416,0.042027637,162.47816467285156
61,138,125.59,806912,4560,314.16400819559897,0.8772589564323425,32.096920013427734,0.07999999076128006,0.02060319483280182,0.0003,393.01991271972656,0.2,0.25,1417,0.027055312,192.2423858642578
62,139,124.37,808960,4561,309.0808376552048,0.8731536269187927,32.096920013427734,0.07999999076128006,0.018086588010191917,0.0003,448.46119689941406,0.2,0.251953125,1418,0.02506217,226.67959594726562
62,140,123.05,811008,4562,304.4077692319315,0.8941627144813538,32.096920013427734,0.07999999076128006,0.027656102553009987,0.0003,328.6705322265625,0.2,0.2578125,1419,0.027721604,188.01095581054688
63,141,122.81,813056,4563,303.15910791949716,0.9055957794189453,32.096920013427734,0.07999999076128006,0.025964759290218353,0.0003,294.71226501464844,0.2,0.29296875,1420,0.034814388,145.12461853027344
63,142,121.76,815104,4565,299.60002734017024,0.9026673436164856,32.096920013427734,0.07999999076128006,0.02407862711697817,0.0003,334.7080078125,0.2,0.30078125,1421,0.04320601,167.89349365234375
64,143,122.16,817152,4566,301.3870555608861,0.894838809967041,32.096920013427734,0.07999999076128006,0.036313709104433656,0.0003,415.1938018798828,0.2,0.298828125,1422,0.04157006,185.59201049804688
64,144,123.5,819200,4567,305.3516738800578,0.8802245259284973,32.096920013427734,0.07999999076128006,0.04068872518837452,0.0003,353.34693908691406,0.2,0.330078125,1423,0.04826054,180.7423095703125
65,145,125.22,821248,4568,311.67629515498385,0.9085864424705505,32.096920013427734,0.07999999076128006,0.0409688763320446,0.0003,286.3372344970703,0.2,0.33984375,1424,0.062005997,148.46865844726562
65,146,127.15,823296,4569,319.37566938670034,0.8841425180435181,32.096920013427734,0.07999999076128006,0.037738122045993805,0.0003,362.516845703125,0.2,0.328125,1425,0.057264633,171.49209594726562
65,147,125.81,825344,4569,316.088590227029,0.8967058062553406,32.096920013427734,0.07999999076128006,0.03162261284887791,0.0003,355.8028259277344,0.2,0.349609375,1426,0.07534352,167.21685791015625
66,148,125.71,827392,4571,315.4848333662497,0.9148167371749878,32.096920013427734,0.07999999076128006,0.03443525452166796,0.0003,378.853759765625,0.2,0.310546875,1427,0.06515592,156.26280212402344
66,149,126.0,829440,4571,316.8831342764434,0.8915789127349854,32.096920013427734,0.07999999076128006,0.09486177377402782,0.0003,338.884033203125,0.2,0.353515625,1428,0.07505861,162.2399444580078
67,150,125.46,831488,4572,315.40565636787943,0.9344276189804077,32.096920013427734,0.07999999076128006,0.04751114593818784,0.0003,231.04169464111328,0.2,0.36328125,1429,0.09959647,123.47924041748047
67,151,122.66,833536,4573,306.17232116867365,0.9087313413619995,32.096920013427734,0.07999999076128006,0.08968491293489933,0.0003,351.9396514892578,0.2,0.376953125,1430,0.14337018,174.55934143066406
68,152,120.38,835584,4573,297.76067685306566,0.9450599551200867,32.096920013427734,0.07999999076128006,0.05589477904140949,0.0003,252.3494873046875,0.2,0.330078125,1431,0.09049173,123.89401245117188
68,153,121.99,837632,4570,301.51962983257073,0.9285808205604553,32.096920013427734,0.07999999076128006,0.0357764745131135,0.0003,254.90382385253906,0.2,0.34765625,1432,0.08522987,130.7942352294922
68,154,119.0,839680,4571,290.87470479127643,0.9313176274299622,32.096920013427734,0.07999999076128006,0.0252149049192667,0.0003,257.51819610595703,0.2,0.291015625,1433,0.056272708,118.38279724121094
69,155,115.77,841728,4571,280.03428319122924,0.9563859105110168,32.096920013427734,0.07999999076128006,0.03459036722779274,0.0003,205.88751983642578,0.2,0.287109375,1434,0.052247606,99.72221374511719
69,156,115.47,843776,4572,277.2238193600038,0.942366361618042,32.096920013427734,0.07999999076128006,0.06076065078377724,0.0003,243.4435272216797,0.2,0.306640625,1435,0.047197342,124.5595932006836
70,157,115.23,845824,4573,276.5265665573441,0.9508680701255798,32.096920013427734,0.07999999076128006,0.03583860816434026,0.0003,197.4276351928711,0.2,0.267578125,1436,0.05602157,88.95722961425781
70,158,113.52,847872,4573,270.8045451833531,0.9254375696182251,32.096920013427734,0.07999999076128006,0.03004137985408306,0.0003,243.43348693847656,0.2,0.27734375,1437,0.0388758,125.173583984375
71,159,110.77,849920,4573,264.0691720607907,0.9554389715194702,32.096920013427734,0.07999999076128006,0.022688177414238453,0.0003,175.1737060546875,0.2,0.244140625,1438,0.030813506,81.67330169677734
71,160,110.83,851968,4574,265.2706760610345,0.9542809128761292,32.096920013427734,0.07999999076128006,0.026074462104588747,0.0003,189.5899200439453,0.2,0.279296875,1439,0.040164225,91.29491424560547
72,161,107.74,854016,4574,257.36570206208717,0.9376261234283447,32.096920013427734,0.07999999076128006,0.025259343441575766,0.0003,242.3671112060547,0.2,0.26171875,1440,0.026184395,107.52022552490234
72,162,102.48,856064,4575,242.85936795789323,0.9607468247413635,32.096920013427734,0.07999999076128006,0.0215439610183239,0.0003,176.1263198852539,0.2,0.20703125,1441,0.024928888,91.317138671875
72,163,100.96,858112,4576,238.96828003490546,0.9638853073120117,32.096920013427734,0.07999999076128006,0.01643773727118969,0.0003,140.56916046142578,0.2,0.265625,1442,0.027574318,66.63043212890625
73,164,100.91,860160,4576,238.15010348039468,0.9535624980926514,32.096920013427734,0.07999999076128006,0.03858075477182865,0.0003,159.72747802734375,0.2,0.259765625,1443,0.028238676,77.146728515625
73,165,98.0,862208,4577,229.5600160727,0.9497379660606384,32.096920013427734,0.07999999076128006,0.029121851082891226,0.0003,211.83458709716797,0.2,0.19921875,1444,0.021025687,101.61012268066406
74,166,97.08,864256,4578,227.05524090717682,0.95545893907547,32.096920013427734,0.07999999076128006,0.021113462280482054,0.0003,192.10179138183594,0.2,0.208984375,1445,0.017591698,81.67279052734375
74,167,96.82,866304,4578,226.72605558581847,0.9548583030700684,32.096920013427734,0.07999999076128006,0.0327105646332105,0.0003,172.34179178873697,0.2,0.31640625,1446,0.035601795,77.79632568359375
75,168,96.94,868352,4579,226.89365488080003,0.9309358596801758,32.096920013427734,0.07999999076128006,0.029298105898002785,0.0003,267.64159138997394,0.2,0.2903645833333333,1447,0.03031586,146.65740966796875
75,169,96.31,870400,4579,225.7126428966252,0.9453275203704834,32.096920013427734,0.07999999076128006,0.02677308302372694,0.0003,221.75241088867188,0.2,0.236328125,1448,0.024693392,118.57869720458984
76,170,97.85,872448,4580,230.57090796212816,0.9173448085784912,32.096920013427734,0.07999999076128006,0.020304604433476925,0.0003,241.91967010498047,0.2,0.265625,1449,0.027967539,119.28363800048828
76,171,100.26,874496,4581,237.16138395260285,0.9189201593399048,32.096920013427734,0.07999999076128006,0.018532211892306805,0.0003,204.00908660888672,0.2,0.263671875,1450,0.035302013,107.2032699584961
76,172,103.62,876544,4582,246.51859833246735,0.9226391315460205,32.096920013427734,0.07999999076128006,0.024481458589434624,0.0003,239.13478088378906,0.2,0.296875,1451,0.037776023,126.81392669677734
77,173,103.64,878592,4583,246.91967057951516,0.9282633066177368,32.096920013427734,0.07999999076128006,0.021062366664409637,0.0003,226.77874755859375,0.2,0.275390625,1452,0.036527347,113.7778091430664
77,174,104.79,880640,4583,249.91179689905024,0.9374383687973022,32.096920013427734,0.07999999076128006,0.026961089111864567,0.0003,187.00827026367188,0.2,0.306640625,1453,0.04475014,89.85367584228516
78,175,104.91,882688,4584,250.41638417912753,0.9365555644035339,32.096920013427734,0.07999999076128006,0.017243774607777596,0.0003,195.0530014038086,0.2,0.259765625,1454,0.039039563,108.39299774169922
78,176,103.07,884736,4585,246.12272007409928,0.9288363456726074,32.096920013427734,0.07999999076128006,0.01860211882740259,0.0003,181.54674530029297,0.2,0.263671875,1455,0.037742574,80.74956512451172
79,177,102.47,886784,4586,243.88120572501455,0.9404691457748413,32.096920013427734,0.07999999076128006,0.04223473742604256,0.0003,176.7984619140625,0.2,0.29296875,1456,0.040327705,85.59406280517578
79,178,102.11,888832,4587,243.1399237064308,0.9581872224807739,32.096920013427734,0.07999999076128006,0.03067238535732031,0.0003,125.33369827270508,0.2,0.294921875,1457,0.036271326,58.45021057128906
79,179,101.31,890880,4587,241.69076324708882,0.9396904110908508,32.096920013427734,0.07999999076128006,0.04134020139463246,0.0003,170.2964096069336,0.2,0.275390625,1458,0.037158728,80.76185607910156
80,180,100.01,892928,4588,237.86569094577033,0.9700101613998413,32.096920013427734,0.07999999076128006,0.02885212330147624,0.0003,111.5899429321289,0.2,0.310546875,1459,0.05181445,53.61802291870117
80,181,101.54,894976,4589,241.4608026090145,0.9545189142227173,32.096920013427734,0.07999999076128006,0.03686794266104698,0.0003,109.30123519897461,0.2,0.322265625,1460,0.05725729,52.18456268310547
81,182,100.76,897024,4590,239.93319877257173,0.9575293064117432,32.096920013427734,0.07999999076128006,0.060731728095561266,0.0003,124.60029983520508,0.2,0.30859375,1461,0.05710977,58.7939453125
81,183,100.98,899072,4591,240.85012909924882,0.9748800992965698,32.096920013427734,0.07999999076128006,0.057574717327952385,0.0003,93.83661651611328,0.2,0.365234375,1462,0.070208274,46.81235885620117
82,184,101.46,901120,4592,242.182422587624,0.9447152614593506,32.096920013427734,0.07999999076128006,0.046264298260211945,0.0003,120.08708572387695,0.2,0.357421875,1463,0.069000706,59.06830978393555
82,185,101.33,903168,4592,242.0455247742636,0.971846342086792,32.096920013427734,0.07999999076128006,0.07720198482275009,0.0003,95.25700759887695,0.2,0.361328125,1464,0.08737534,49.06623840332031
82,186,102.89,905216,4593,246.12464307041097,0.9651648998260498,32.096920013427734,0.07999999076128006,0.059072745963931084,0.0003,92.02437591552734,0.2,0.376953125,1465,0.08903398,48.18617630004883
83,187,105.37,907264,4594,252.67217508599686,0.9459688663482666,32.096920013427734,0.07999999076128006,0.033338296227157116,0.0003,127.92157745361328,0.2,0.3671875,1466,0.06972855,62.5260124206543
83,188,108.34,909312,4595,260.79811207021,0.9657132625579834,32.096920013427734,0.07999999076128006,0.0616516605950892,0.0003,85.86364364624023,0.2,0.35546875,1467,0.08551654,35.65335464477539
84,189,111.8,911360,4596,270.1725109132921,0.9502130746841431,32.096920013427734,0.07999999076128006,0.0517502692528069,0.0003,119.17784881591797,0.2,0.361328125,1468,0.07431885,56.27863311767578
84,190,115.96,913408,4597,281.75430492100367,0.9527372121810913,32.096920013427734,0.07999999076128006,0.04026854783296585,0.0003,122.26366424560547,0.2,0.349609375,1469,0.078563094,58.491546630859375
85,191,120.21,915456,4598,293.726402761117,0.9388666749000549,32.096920013427734,0.07999999076128006,0.04627314582467079,0.0003,134.90325164794922,0.2,0.337890625,1470,0.07090022,75.9868392944336
85,192,123.77,917504,4598,304.7717169409611,0.9575256705284119,32.096920013427734,0.07999999076128006,0.026520472019910812,0.0003,112.61760711669922,0.2,0.28125,1471,0.043303628,50.529083251953125
85,193,126.92,919552,4599,314.47845271548425,0.9420217871665955,32.096920013427734,0.07999999076128006,0.04573761485517025,0.0003,171.41495513916016,0.2,0.35546875,1472,0.06141225,78.35446166992188
86,194,129.44,921600,4600,322.97537586264343,0.946323037147522,32.096920013427734,0.07999999076128006,0.029365679249167442,0.0003,131.98936462402344,0.2,0.306640625,1473,0.04129435,59.908348083496094
86,195,131.59,923648,4600,329.8216199131849,0.9346984624862671,32.096920013427734,0.07999999076128006,0.05555414641276002,0.0003,158.9244842529297,0.2,0.294921875,1474,0.053027913,69.48640441894531
87,196,133.05,925696,4601,335.5504065311369,0.9348638653755188,32.096920013427734,0.07999999076128006,0.05341796204447746,0.0003,181.85340881347656,0.2,0.3125,1475,0.05386901,81.7447509765625
87,197,134.2,927744,4602,340.8651950594287,0.8948791027069092,32.096920013427734,0.07999999076128006,0.04316313657909632,0.0003,248.2447967529297,0.2,0.30859375,1476,0.043736264,113.30874633789062
88,198,136.27,929792,4602,348.5188236473425,0.8699377775192261,32.096920013427734,0.07999999076128006,0.05225704959593713,0.0003,244.31868743896484,0.2,0.28515625,1477,0.055432,122.39688110351562
88,199,137.88,931840,4603,355.30909099452333,0.7807303667068481,32.096920013427734,0.07999999076128006,0.03585992753505707,0.0003,215.11576080322266,0.2,0.27734375,1478,0.04173958,98.15538024902344
88,200,140.37,933888,4604,364.34446057996183,0.875035285949707,32.096920013427734,0.07999999076128006,0.028229374438524246,0.0003,265.2881546020508,0.2,0.248046875,1479,0.034768946,110.53756713867188
89,201,142.25,935936,4604,371.88323614942544,0.8173701167106628,32.096920013427734,0.07999999076128006,0.019902385771274567,0.0003,232.04104614257812,0.2,0.265625,1480,0.027709506,112.36592102050781
89,202,144.31,937984,4605,378.8517103084551,0.7568780779838562,32.096920013427734,0.07999999076128006,0.028602197766304016,0.0003,274.0803527832031,0.2,0.232421875,1481,0.029375382,119.25225067138672
90,203,146.08,940032,4606,384.98675764609646,0.8861464858055115,32.096920013427734,0.07999999076128006,0.017165325582027435,0.0003,254.69021606445312,0.2,0.2265625,1482,0.024352983,127.1225357055664
90,204,146.99,942080,4606,389.03750086116366,0.7766767740249634,32.096920013427734,0.07999999076128006,0.00848977081477642,0.0003,208.5739288330078,0.2,0.21484375,1483,0.020420652,95.81461334228516
91,205,147.45,944128,4607,391.3493861142973,0.7829080820083618,32.096920013427734,0.07999999076128006,0.01627117395401001,0.0003,230.6223373413086,0.2,0.193359375,1484,0.018214447,112.44561004638672
91,206,147.75,946176,4608,392.9179677640684,0.751623272895813,32.096920013427734,0.07999999076128006,0.004990012850612402,0.0003,263.99444580078125,0.2,0.197265625,1485,0.017706012,140.5086212158203
91,207,147.72,948224,4609,393.5567525692568,0.7311807870864868,32.096920013427734,0.07999999076128006,0.029729838017374277,0.0003,238.45867919921875,0.2,0.267578125,1486,0.043145146,117.85175323486328
92,208,147.61,950272,4609,393.86809965994826,0.8245953321456909,32.096920013427734,0.07999999076128006,0.017941243946552277,0.0003,301.6360778808594,0.2,0.267578125,1487,0.03221011,133.40179443359375
92,209,147.16,952320,4606,393.02022565977114,0.8263342380523682,32.096920013427734,0.07999999076128006,0.043533855117857456,0.0003,285.0139617919922,0.2,0.267578125,1488,0.04143023,148.66744995117188
93,210,146.44,954368,4598,390.7634559096746,0.8364652395248413,32.096920013427734,0.07999999076128006,0.022470138501375914,0.0003,327.04039001464844,0.2,0.232421875,1489,0.025092158,165.9693603515625
93,211,146.29,956416,4598,390.89982353969737,0.8458939790725708,32.096920013427734,0.07999999076128006,0.045136185828596354,0.0003,366.3363494873047,0.2,0.263671875,1490,0.035166785,200.32855224609375
94,212,146.57,958464,4597,391.75384580456097,0.707851767539978,32.096920013427734,0.07999999076128006,0.03920133505016565,0.0003,238.98690032958984,0.2,0.2578125,1491,0.031032154,119.88911437988281
94,213,146.04,960512,4594,390.0185980859126,0.8076918125152588,32.096920013427734,0.07999999076128006,0.05294084548950195,0.0003,287.1369323730469,0.2,0.267578125,1492,0.04248792,132.2326202392578
95,214,145.46,962560,4594,387.739992219485,0.8261293172836304,32.096920013427734,0.07999999076128006,0.025767775252461433,0.0003,352.1351318359375,0.2,0.27734375,1493,0.03840958,154.84217834472656
95,215,144.37,964608,4594,383.86388842730184,0.8752534985542297,32.096920013427734,0.07999999076128006,0.014670653268694878,0.0003,306.538330078125,0.2,0.251953125,1494,0.024217775,154.8203125
96,216,143.33,966656,4595,379.8682617439314,0.8713027238845825,32.096920013427734,0.07999999076128006,0.019388673827052116,0.0003,339.61061096191406,0.2,0.23828125,1495,0.027064601,151.54859924316406
96,217,142.53,968704,4595,377.53327003180215,0.8838955163955688,32.096920013427734,0.07999999076128006,0.02349180867895484,0.0003,342.27626037597656,0.2,0.25,1496,0.020316383,159.1996307373047
97,218,141.16,970752,4596,370.96357526647677,0.8742658495903015,32.096920013427734,0.07999999076128006,0.02468734420835972,0.0003,368.8859100341797,0.2,0.20703125,1497,0.02363478,213.8824462890625
97,219,138.92,972800,4596,361.3222524501588,0.8827134370803833,32.096920013427734,0.07999999076128006,0.01082184910774231,0.0003,370.4113311767578,0.2,0.181640625,1498,0.022795843,150.4282684326172
97,220,139.1,974848,4597,360.7446364817777,0.887118935585022,32.096920013427734,0.07999999076128006,0.012692956253886223,0.0003,348.4032745361328,0.2,0.18359375,1499,0.016700322,175.3364715576172
98,221,137.39,976896,4597,353.8028608957068,0.8898938894271851,32.096920013427734,0.07999999076128006,0.017746707424521446,0.0003,312.528076171875,0.2,0.169921875,1500,0.018700473,137.14195251464844
98,222,136.71,978944,4598,351.58236509691415,0.916356086730957,32.096920013427734,0.07999999076128006,0.021810920909047127,0.0003,329.6996256510417,0.2,0.24348958333333334,1501,0.030771324,137.61509704589844
99,223,135.64,980992,4598,346.3502126679199,0.9056320190429688,32.096920013427734,0.07999999076128006,0.021728545155686636,0.0003,288.39317830403644,0.2,0.2669270833333333,1502,0.027865365,117.41838836669922
99,224,135.76,983040,4599,347.20091715025524,0.9321786165237427,32.096920013427734,0.07999999076128006,0.008629293491442999,0.0003,229.60220845540366,0.2,0.24088541666666666,1503,0.020763852,103.43525695800781
100,225,135.69,985088,4599,347.82068675773235,0.9410502314567566,32.096920013427734,0.07999999076128006,0.02595505677163601,0.0003,207.7469940185547,0.2,0.2890625,1504,0.03536571,108.3025894165039
100,226,134.86,987136,4600,346.16190133650156,0.9306067228317261,32.096920013427734,0.07999999076128006,0.02821168373338878,0.0003,250.00811767578125,0.2,0.306640625,1505,0.040203415,134.89341735839844
101,227,133.76,989184,4600,342.40147159954,0.9305407404899597,32.096920013427734,0.07999999076128006,0.01625862345099449,0.0003,231.2305145263672,0.2,0.283203125,1506,0.04571978,114.87970733642578
101,228,133.44,991232,4601,341.80797854047574,0.9397099018096924,32.096920013427734,0.07999999076128006,0.04636507108807564,0.0003,243.41632080078125,0.2,0.33203125,1507,0.063758045,115.40705108642578
101,229,133.29,993280,4601,341.80503017257377,0.925145149230957,32.096920013427734,0.07999999076128006,0.0317657794803381,0.0003,254.29592895507812,0.2,0.369140625,1508,0.116094306,145.57618713378906
102,230,134.27,995328,4602,344.4468261671596,0.9424214363098145,32.096920013427734,0.07999999076128006,0.08309954218566418,0.0003,201.66659545898438,0.2,0.359375,1509,0.13195355,109.21792602539062
102,231,133.27,997376,4602,340.82519742674236,0.9189214110374451,32.096920013427734,0.07999999076128006,0.06229308806359768,0.0003,232.4381332397461,0.2,0.388671875,1510,0.104730695,116.62279510498047
103,232,132.76,999424,4603,338.72694618174,0.9633820652961731,32.096920013427734,0.07999999076128006,0.036427970975637436,0.0003,101.1320915222168,0.2,0.349609375,1511,0.08315815,49.669349670410156
103,233,130.47,1001472,4604,332.37881325080883,0.9511007070541382,32.096920013427734,0.07999999076128006,0.056821429869160056,0.0003,147.4716567993164,0.2,0.318359375,1512,0.05979851,75.10989379882812
104,234,130.64,1003520,4604,332.1891101484268,0.9451174736022949,32.096920013427734,0.07999999076128006,0.056805312633514404,0.0003,128.7366828918457,0.2,0.34765625,1513,0.05850078,62.945674896240234
104,235,128.67,1005568,4605,326.31660381522744,0.9649122357368469,32.096920013427734,0.07999999076128006,0.07418271712958813,0.0003,108.38052749633789,0.2,0.380859375,1514,0.14833474,60.61658477783203
105,236,127.2,1007616,4603,320.9817708030927,0.9661014080047607,32.096920013427734,0.07999999076128006,0.06050857435911894,0.0003,111.5277099609375,0.2,0.330078125,1515,0.10693894,56.39745330810547
105,237,127.6,1009664,4603,322.12294471133316,0.9467251300811768,32.096920013427734,0.07999999076128006,0.06725027086213231,0.0003,162.17975616455078,0.2,0.353515625,1516,0.10933152,75.01654052734375
105,238,125.96,1011712,4603,316.37063374758685,0.959143340587616,32.096920013427734,0.07999999076128006,0.07679491536691785,0.0003,110.48388671875,0.2,0.35546875,1517,0.11975002,56.21209716796875
106,239,126.23,1013760,4603,315.8932166349674,0.964069664478302,32.096920013427734,0.07999999076128006,0.06997054256498814,0.0003,119.34181213378906,0.2,0.376953125,1518,0.1268534,55.56978988647461
106,240,124.69,1015808,4603,311.1856229304572,0.959817111492157,32.096920013427734,0.07999999076128006,0.05450496589764953,0.0003,133.27086639404297,0.2,0.3671875,1519,0.11356052,66.09732055664062
107,241,122.11,1017856,4603,304.0481176473146,0.9593445658683777,32.096920013427734,0.07999999076128006,0.0766542605124414,0.0003,137.56385040283203,0.2,0.3515625,1520,0.109602734,66.56951904296875
107,242,119.15,1019904,4604,295.6831512387264,0.9757571220397949,32.096920013427734,0.07999999076128006,0.04032820835709572,0.0003,96.76072311401367,0.2,0.37109375,1521,0.1339784,45.8566780090332
108,243,115.61,1021952,4604,286.3434622323132,0.9682139754295349,32.096920013427734,0.07999999076128006,0.060009824112057686,0.0003,124.0067138671875,0.2,0.36328125,1522,0.12562102,63.19854736328125
108,244,113.02,1024000,4604,279.5707276375118,0.975409746170044,32.096920013427734,0.07999999076128006,0.04506312217563391,0.0003,94.21932601928711,0.2,0.32421875,1523,0.07421093,46.75355529785156
108,245,111.13,1026048,4604,274.4711607934163,0.962191641330719,32.096920013427734,0.07999999076128006,0.07560466416180134,0.0003,118.97440338134766,0.2,0.36328125,1524,0.088130414,54.83817672729492
109,246,108.9,1028096,4604,269.1971819866161,0.9668633341789246,32.096920013427734,0.07999999076128006,0.030479402979835868,0.0003,123.85028839111328,0.2,0.314453125,1525,0.08745106,61.47771453857422
109,247,107.63,1030144,4604,266.1634707417398,0.9777166247367859,32.096920013427734,0.07999999076128006,0.03235885500907898,0.0003,95.22877502441406,0.2,0.357421875,1526,0.099363625,50.205963134765625
110,248,110.13,1032192,4604,273.06282322089396,0.9516833424568176,32.096920013427734,0.07999999076128006,0.07714408356696367,0.0003,130.2071533203125,0.2,0.361328125,1527,0.12808898,65.95841979980469
110,249,111.33,1034240,4604,276.3092321140697,0.9744767546653748,32.096920013427734,0.07999999076128006,0.11876053642481565,0.0003,88.42037200927734,0.2,0.408203125,1528,0.3944183,48.225852966308594
111,250,112.73,1036288,4604,281.1282675571185,0.9541394114494324,32.096920013427734,0.07999999076128006,0.08721313439309597,0.0003,134.8600082397461,0.2,0.416015625,1529,0.37634307,68.50144958496094
111,251,113.72,1038336,4604,284.8220471231586,0.9725605249404907,32.096920013427734,0.07999999076128006,0.12859413214027882,0.0003,112.86630630493164,0.2,0.41015625,1530,0.33907738,63.81914520263672
112,252,119.58,1040384,4605,302.3816203994426,0.9461273550987244,32.096920013427734,0.07999999076128006,0.10005097137764096,0.0003,175.2579574584961,0.2,0.439453125,1531,0.33609894,80.81573486328125
112,253,123.11,1042432,4605,313.989682883314,0.9494163990020752,32.096920013427734,0.07999999076128006,0.09845343185588717,0.0003,253.05030822753906,0.2,0.416015625,1532,0.26812154,146.15789794921875
112,254,126.59,1044480,4605,326.0979689485832,0.9349559545516968,32.096920013427734,0.07999999076128006,0.0790996216237545,0.0003,200.91732025146484,0.2,0.404296875,1533,0.2462462,115.2464370727539
113,255,128.09,1046528,4605,333.94246728934877,0.9498551487922668,32.096920013427734,0.07999999076128006,0.13671224005520344,0.0003,191.20916748046875,0.2,0.388671875,1534,0.2663696,90.23324584960938
113,256,132.83,1048576,4605,350.20830237948854,0.954359233379364,32.096920013427734,0.07999999076128006,0.053736511152237654,0.0003,198.18810272216797,0.2,0.3671875,1535,0.13755843,95.5902099609375
