rollout/ep_rew_mean,time/total_timesteps,time/iterations,rollout/ep_len_mean,time/time_elapsed,time/fps,train/policy_gradient_loss,train/learning_rate,train/std,train/clip_fraction,train/value_loss,train/approx_kl,train/n_updates,train/loss,train/entropy_loss,train/clip_range,train/explained_variance
50.6369702171805,2048,1,18.614583333333332,0,2769,,,,,,,,,,,
49.373834587418514,4096,2,18.19,1,2647,0.124759491533041,0.0003,0.07999999076128006,0.41015625,422.4498291015625,0.15182671,1,206.8223876953125,32.096920013427734,0.2,-0.005275845527648926
50.465651714861615,6144,3,18.56,2,2695,0.09551064809784293,0.0003,0.07999999076128006,0.380859375,379.62071228027344,0.09130634,2,177.47024536132812,32.096920013427734,0.2,-0.0065190792083740234
52.0277152109443,8192,4,19.09,3,2700,0.059259578585624695,0.0003,0.07999999076128006,0.341796875,387.9646911621094,0.065975755,3,213.35939025878906,32.096920013427734,0.2,-0.006070494651794434
56.21721817276338,10240,5,20.59,3,2710,0.026915895752608776,0.0003,0.07999999076128006,0.359375,378.8307189941406,0.053759124,4,179.2755584716797,32.096920013427734,0.2,-0.0061147212982177734
62.13845447155295,12288,6,22.78,4,2727,0.04384770756587386,0.0003,0.07999999076128006,0.326171875,477.10992431640625,0.047930516,5,241.91563415527344,32.096920013427734,0.2,-0.004538416862487793
68.46439182255953,14336,7,25.26,5,2737,0.02555324067361653,0.0003,0.07999999076128006,0.29296875,524.9913482666016,0.044091374,6,256.14239501953125,32.096920013427734,0.2,-0.0030101537704467773
81.03683228825827,16384,8,30.24,5,2747,0.02106829360127449,0.0003,0.07999999076128006,0.283203125,600.5996398925781,0.034656376,7,306.1845703125,32.096920013427734,0.2,-0.00035500526428222656
88.01636855132462,18432,9,32.93,6,2750,0.025836207903921604,0.0003,0.07999999076128006,0.265625,656.7356872558594,0.028530683,8,347.0002746582031,32.096920013427734,0.2,0.0020453929901123047
91.7108616563593,20480,10,34.32,7,2751,0.027543161588255316,0.0003,0.07999999076128006,0.255859375,707.7130126953125,0.02690417,9,352.3633728027344,32.096920013427734,0.2,0.0029075145721435547
92.31279567441926,22528,11,34.42,8,2756,0.019638124853372574,0.0003,0.07999999076128006,0.23828125,664.0042724609375,0.020420263,10,341.2548828125,32.096920013427734,0.2,0.002896606922149658
91.93774826299686,24576,12,34.19,8,2761,0.020858715288341045,0.0003,0.07999999076128006,0.25,639.5221252441406,0.02359956,11,329.9761962890625,32.096920013427734,0.2,0.0033100247383117676
91.74683668883786,26624,13,34.08,9,2765,0.016290126368403435,0.0003,0.07999999076128006,0.201171875,687.0015869140625,0.015649216,12,346.5672607421875,32.096920013427734,0.2,0.00305253267288208
91.20100754157434,28672,14,33.75,10,2769,0.016712941229343414,0.0003,0.07999999076128006,0.220703125,679.7966918945312,0.017936766,13,331.2474365234375,32.096920013427734,0.2,0.003668487071990967
90.83465117476098,30720,15,33.59,11,2771,0.04569538605088989,0.0003,0.07999999076128006,0.3151041666666667,668.92333984375,0.033525642,14,339.348876953125,32.096920013427734,0.2,0.00412440299987793
90.65393311174869,32768,16,33.5,11,2775,0.023752569841841858,0.0003,0.07999999076128006,0.23567708333333334,665.8253173828125,0.018971486,15,350.1203918457031,32.096920013427734,0.2,0.0036469697952270508
90.67389658330208,34816,17,33.48,12,2777,0.00967153999954462,0.0003,0.07999999076128006,0.2890625,660.1150390625,0.021360645,16,316.0588684082031,32.096920013427734,0.2,0.0028612613677978516
90.62337561415512,36864,18,33.48,13,2780,0.00727999210357666,0.0003,0.07999999076128006,0.22265625,679.6433410644531,0.01578908,17,342.56536865234375,32.096920013427734,0.2,0.002029895782470703
90.51975460560801,38912,19,33.46,13,2781,0.016893099527806044,0.0003,0.07999999076128006,0.2705078125,643.9215850830078,0.02223115,18,314.0442810058594,32.096920013427734,0.2,0.002246677875518799
90.66189104187553,40960,20,33.5,14,2782,0.00924762524664402,0.0003,0.07999999076128006,0.203125,645.6190948486328,0.014540145,19,304.7059631347656,32.096920013427734,0.2,0.002029120922088623
90.75156660652343,43008,21,33.57,15,2783,0.004996043940385182,0.0003,0.07999999076128006,0.18098958333333334,622.0503336588541,0.013311408,20,305.8703918457031,32.096920013427734,0.2,0.001356959342956543
91.11894507362501,45056,22,33.77,16,2784,0.012747731059789658,0.0003,0.07999999076128006,0.20442708333333334,604.2809041341146,0.016348982,21,300.0483703613281,32.096920013427734,0.2,0.0014901161193847656
91.37006688205943,47104,23,33.93,16,2785,0.010537553112953901,0.0003,0.07999999076128006,0.298828125,595.1680297851562,0.026156306,22,272.5502624511719,32.096920013427734,0.2,0.0025281906127929688
91.4709671386406,49152,24,34.05,17,2786,0.020469821291044354,0.0003,0.07999999076128006,0.2548828125,594.7999877929688,0.019002546,23,272.5858459472656,32.096920013427734,0.2,0.002425074577331543
91.29718834550523,51200,25,33.95,18,2786,0.020592403287688892,0.0003,0.07999999076128006,0.2890625,596.1322224934896,0.033538245,25,291.2633056640625,32.096920013427734,0.2,0.0025429725646972656
91.16851189625389,53248,26,33.87,19,2787,0.009994661435484886,0.0003,0.07999999076128006,0.20572916666666666,646.6717732747396,0.014729536,26,316.6460876464844,32.096920013427734,0.2,0.00232088565826416
91.08256858386773,55296,27,33.81,19,2789,0.007241072754065196,0.0003,0.07999999076128006,0.203125,615.3386433919271,0.013255955,27,282.2805480957031,32.096920013427734,0.2,0.0014796853065490723
90.76735745058652,57344,28,33.68,20,2790,0.009734702995046973,0.0003,0.07999999076128006,0.1962890625,622.0653228759766,0.015568124,28,317.1129455566406,32.096920013427734,0.2,0.001201331615447998
90.77004276378437,59392,29,33.69,21,2790,0.01407434679567814,0.0003,0.07999999076128006,0.24609375,609.6921630859375,0.018184636,29,331.7889099121094,32.096920013427734,0.2,-0.0002110004425048828
91.08942836971522,61440,30,33.87,22,2791,0.017234008759260178,0.0003,0.07999999076128006,0.234375,594.8131713867188,0.020364512,30,295.8766784667969,32.096920013427734,0.2,-0.00043332576751708984
91.3625536508906,63488,31,34.05,22,2792,0.006647420348599553,0.0003,0.07999999076128006,0.232421875,582.6018829345703,0.017617116,31,294.228515625,32.096920013427734,0.2,7.82012939453125e-05
91.38975493744961,65536,32,34.12,23,2792,0.013188895070925355,0.0003,0.07999999076128006,0.21484375,563.6772994995117,0.016198251,32,271.6680908203125,32.096920013427734,0.2,0.00010287761688232422
91.48638364462165,67584,33,34.19,24,2793,0.017676061019301414,0.0003,0.07999999076128006,0.25223214285714285,549.41310773577,0.016883345,33,242.17010498046875,32.096920013427734,0.2,0.0010384321212768555
91.76281851411755,69632,34,34.3,24,2793,0.013936014276825719,0.0003,0.07999999076128006,0.3055555555555556,567.392076280382,0.035122544,35,284.103759765625,32.096920013427734,0.2,0.0005000829696655273
91.75701637435498,71680,35,34.28,25,2792,0.009385215118527412,0.0003,0.07999999076128006,0.2255859375,570.1542053222656,0.018141378,36,274.7981262207031,32.096920013427734,0.2,0.0005266666412353516
91.86816758868017,73728,36,34.31,26,2793,0.0013696957612410188,0.0003,0.07999999076128006,0.1669921875,579.2113342285156,0.013335157,37,294.0025634765625,32.096920013427734,0.2,0.000417172908782959
91.84004938652528,75776,37,34.25,27,2793,0.014203798957169056,0.0003,0.07999999076128006,0.1923828125,559.9302825927734,0.015147654,38,274.7129211425781,32.096920013427734,0.2,0.0003039240837097168
91.95184196378821,77824,38,34.31,27,2793,0.02017056499607861,0.0003,0.07999999076128006,0.2607421875,567.9894104003906,0.02303241,39,304.245361328125,32.096920013427734,0.2,0.00011307001113891602
92.16368930468816,79872,39,34.43,28,2793,0.010232621058821677,0.0003,0.07999999076128006,0.24453125,548.9122436523437,0.017519254,40,267.7724609375,32.096920013427734,0.2,9.387731552124023e-05
92.22163553568161,81920,40,34.46,29,2793,0.012149534374475478,0.0003,0.07999999076128006,0.20859375,526.4042236328125,0.015557316,41,268.3769836425781,32.096920013427734,0.2,0.0008205175399780273
92.05003309400621,83968,41,34.37,30,2793,0.009514241479337215,0.0003,0.07999999076128006,0.2099609375,548.5771179199219,0.01787946,42,255.93533325195312,32.096920013427734,0.2,0.001224517822265625
91.86065391530768,86016,42,34.25,30,2792,0.018211112124845386,0.0003,0.07999999076128006,0.2236328125,564.7046508789062,0.017036319,43,273.57305908203125,32.096920013427734,0.2,0.0008236169815063477
91.66161616957557,88064,43,34.17,31,2792,0.01175217069685459,0.0003,0.07999999076128006,0.234375,572.2176635742187,0.01695883,44,279.129638671875,32.096920013427734,0.2,0.0010393261909484863
91.25439769144954,90112,44,33.99,32,2792,0.018259223084896803,0.0003,0.07999999076128006,0.201171875,547.0014495849609,0.017499384,45,283.97491455078125,32.096920013427734,0.2,0.0006244182586669922
90.87734472252414,92160,45,33.82,32,2793,0.01735010463744402,0.0003,0.07999999076128006,0.17317708333333334,563.3699544270834,0.013772297,46,260.7449645996094,32.096920013427734,0.2,0.00011396408081054688
90.81100312352427,94208,46,33.81,33,2793,0.019195043481886387,0.0003,0.07999999076128006,0.244140625,531.44384765625,0.018083846,47,269.4603576660156,32.096920013427734,0.2,5.942583084106445e-05
90.91973072252131,96256,47,33.92,34,2792,0.014256454771384597,0.0003,0.07999999076128006,0.23046875,520.5905227661133,0.018773943,48,239.52708435058594,32.096920013427734,0.2,-9.5367431640625e-07
91.07059704510459,98304,48,33.99,35,2792,0.010448002722114325,0.0003,0.07999999076128006,0.228515625,511.54637145996094,0.019514719,49,264.6570739746094,32.096920013427734,0.2,0.000497281551361084
91.0264833886222,100352,49,33.98,35,2791,0.017638049088418484,0.0003,0.07999999076128006,0.2265625,522.1686553955078,0.017247766,50,278.84326171875,32.096920013427734,0.2,0.0008383989334106445
91.21594471723087,102400,50,34.09,36,2791,0.015833531273528934,0.0003,0.07999999076128006,0.255859375,516.6095428466797,0.02027524,51,258.4337158203125,32.096920013427734,0.2,0.0009388923645019531
91.04687325597847,104448,51,33.96,37,2791,0.011272451374679804,0.0003,0.07999999076128006,0.1962890625,547.3238830566406,0.014716289,52,267.8143005371094,32.096920013427734,0.2,0.0011262893676757812
91.22932008482375,106496,52,34.02,38,2790,0.008715502917766571,0.0003,0.07999999076128006,0.20703125,563.0898742675781,0.014500577,53,290.8509826660156,32.096920013427734,0.2,0.0008698105812072754
91.08696267203226,108544,53,33.91,38,2789,0.008836316643282771,0.0003,0.07999999076128006,0.2236328125,537.3193206787109,0.01751737,54,275.3547668457031,32.096920013427734,0.2,0.0013495087623596191
90.80528656165531,110592,54,33.79,39,2789,0.015845474942276876,0.0003,0.07999999076128006,0.2565104166666667,510.3681335449219,0.018221386,55,217.51026916503906,32.096920013427734,0.2,0.0008410215377807617
91.0935781375599,112640,55,33.99,40,2789,0.017198026180267334,0.0003,0.07999999076128006,0.197265625,505.54823303222656,0.014521751,56,237.910888671875,32.096920013427734,0.2,0.0009665489196777344
91.21552687083404,114688,56,34.1,41,2787,0.01286844965070486,0.0003,0.07999999076128006,0.274609375,490.2268096923828,0.03371104,58,233.8112335205078,32.096920013427734,0.2,0.001012265682220459
91.20055286677896,116736,57,34.1,41,2787,0.004140645964071155,0.0003,0.07999999076128006,0.1806640625,486.16927337646484,0.013921445,59,240.13446044921875,32.096920013427734,0.2,0.0012488365173339844
91.20974338031316,118784,58,34.12,42,2786,0.011573498253710568,0.0003,0.07999999076128006,0.21484375,500.4814147949219,0.016662035,60,261.8369445800781,32.096920013427734,0.2,0.0014684796333312988
90.91940619215528,120832,59,33.95,43,2786,0.010663316352292895,0.0003,0.07999999076128006,0.224609375,524.7175750732422,0.016741168,61,243.08311462402344,32.096920013427734,0.2,0.001918017864227295
90.86587249009824,122880,60,33.95,44,2786,0.005740341544151306,0.0003,0.07999999076128006,0.23046875,538.0160888671875,0.016354334,62,262.111572265625,32.096920013427734,0.2,0.00139540433883667
91.18260692720932,124928,61,34.14,44,2784,0.013852376904752519,0.0003,0.07999999076128006,0.2764756944444444,543.4115261501736,0.04087662,64,281.9441833496094,32.096920013427734,0.2,0.0016145706176757812
91.09815369194556,126976,62,34.13,45,2783,0.015728295547887683,0.0003,0.07999999076128006,0.22265625,536.5719299316406,0.018234469,65,255.67901611328125,32.096920013427734,0.2,0.0015334486961364746
91.07179890158237,129024,63,34.15,46,2783,0.012067143184443315,0.0003,0.07999999076128006,0.21223958333333334,495.94439697265625,0.016359262,66,264.1899719238281,32.096920013427734,0.2,0.0016804933547973633
90.96997709922476,131072,64,34.13,47,2782,0.00913636153563857,0.0003,0.07999999076128006,0.21875,509.1588821411133,0.016297817,67,246.09605407714844,32.096920013427734,0.2,0.0019780993461608887
91.1275021659541,133120,65,34.22,47,2781,0.008342376677319407,0.0003,0.07999999076128006,0.21484375,486.17871856689453,0.016507605,68,225.3924102783203,32.096920013427734,0.2,0.0019583702087402344
91.25797515311778,135168,66,34.26,48,2781,0.00849554454907775,0.0003,0.07999999076128006,0.1865234375,507.77110290527344,0.014140043,69,260.684814453125,32.096920013427734,0.2,0.0026322603225708008
91.56981217235682,137216,67,34.42,49,2781,0.003049873933196068,0.0003,0.07999999076128006,0.21328125,523.246337890625,0.01573613,70,253.97686767578125,32.096920013427734,0.2,0.002499818801879883
91.56064086420221,139264,68,34.41,50,2780,0.018856269866228105,0.0003,0.07999999076128006,0.21171875,529.4032287597656,0.016028404,71,267.77215576171875,32.096920013427734,0.2,0.002435743808746338
91.84672503969263,141312,69,34.58,50,2780,0.012809798121452332,0.0003,0.07999999076128006,0.234375,514.7257843017578,0.019328892,72,268.3522644042969,32.096920013427734,0.2,0.0021566152572631836
91.69882267778766,143360,70,34.5,51,2779,0.010568865574896336,0.0003,0.07999999076128006,0.23984375,488.0596496582031,0.017403966,73,243.80621337890625,32.096920013427734,0.2,0.0022342801094055176
91.64025857643135,145408,71,34.46,52,2778,0.009215250331908464,0.0003,0.07999999076128006,0.25625,482.03037719726564,0.018975632,74,247.2715301513672,32.096920013427734,0.2,0.0023818612098693848
91.90493668131893,147456,72,34.52,53,2778,0.015996223501861095,0.0003,0.07999999076128006,0.22890625,482.69691162109376,0.01682682,75,234.86410522460938,32.096920013427734,0.2,0.002403557300567627
91.7005940326511,149504,73,34.36,53,2777,0.020740540698170662,0.0003,0.07999999076128006,0.21875,488.79285888671876,0.016743904,76,229.0235137939453,32.096920013427734,0.2,0.0025136470794677734
91.37133170491184,151552,74,34.24,54,2777,0.013171140104532242,0.0003,0.07999999076128006,0.208984375,504.5655466715495,0.015566695,77,234.66209411621094,32.096920013427734,0.2,0.0022729039192199707
91.44112884379071,153600,75,34.31,55,2776,0.010007034288719296,0.0003,0.07999999076128006,0.1884765625,539.3394470214844,0.014312658,78,265.6605529785156,32.096920013427734,0.2,0.002257406711578369
91.55509627921928,155648,76,34.36,56,2776,0.015219358028843999,0.0003,0.07999999076128006,0.234375,500.0740661621094,0.019336846,79,246.25039672851562,32.096920013427734,0.2,0.002210080623626709
91.97122469442027,157696,77,34.62,56,2775,0.010301690082997084,0.0003,0.07999999076128006,0.2021484375,518.8656158447266,0.017633174,80,266.72064208984375,32.096920013427734,0.2,0.002292156219482422
92.29280324583344,159744,78,34.74,57,2775,0.01120083313435316,0.0003,0.07999999076128006,0.1796875,487.6543731689453,0.013381408,81,245.861083984375,32.096920013427734,0.2,0.002358376979827881
92.27286855634554,161792,79,34.67,58,2775,0.005538226338103414,0.0003,0.07999999076128006,0.2470703125,517.9253845214844,0.019582774,82,247.3877716064453,32.096920013427734,0.2,0.002463400363922119
92.2078554726501,163840,80,34.58,59,2774,0.008010564371943474,0.0003,0.07999999076128006,0.19921875,502.2247772216797,0.0140207205,83,250.6858367919922,32.096920013427734,0.2,0.0025066733360290527
92.17302702032916,165888,81,34.54,59,2773,0.014881163835525513,0.0003,0.07999999076128006,0.22265625,500.19105224609376,0.016349472,84,230.39938354492188,32.096920013427734,0.2,0.002503633499145508
92.1779117050691,167936,82,34.57,60,2772,0.008449116162955761,0.0003,0.07999999076128006,0.19296875,507.8459411621094,0.013864076,85,255.10255432128906,32.096920013427734,0.2,0.0025987625122070312
92.15501100012565,169984,83,34.55,61,2771,0.013614891562610865,0.0003,0.07999999076128006,0.21744791666666666,489.89833577473956,0.015767524,86,232.2773895263672,32.096920013427734,0.2,0.002556741237640381
92.3543823995056,172032,84,34.66,62,2770,0.014322509368260702,0.0003,0.07999999076128006,0.19140625,457.1695251464844,0.0148515785,87,236.55157470703125,32.096920013427734,0.2,0.002610504627227783
92.48707290272168,174080,85,34.73,62,2768,0.012015791982412339,0.0003,0.07999999076128006,0.240625,471.4564270019531,0.020442417,88,235.25527954101562,32.096920013427734,0.2,0.0027596354484558105
92.47800514732721,176128,86,34.7,63,2766,0.015401419717818499,0.0003,0.07999999076128006,0.24609375,500.0822525024414,0.020770237,89,253.64784240722656,32.096920013427734,0.2,0.0026246309280395508
92.22073984549273,178176,87,34.53,64,2766,0.014291144534945488,0.0003,0.07999999076128006,0.24609375,495.9673767089844,0.01697783,90,260.06878662109375,32.096920013427734,0.2,0.002660989761352539
92.12474012356304,180224,88,34.46,65,2765,0.015816636150702834,0.0003,0.07999999076128006,0.26708984375,495.3081169128418,0.019230504,91,249.74244689941406,32.096920013427734,0.2,0.002522289752960205
92.38710460222593,182272,89,34.59,65,2764,0.013066908344626427,0.0003,0.07999999076128006,0.22265625,509.9027099609375,0.016779678,92,243.81332397460938,32.096920013427734,0.2,0.0025811195373535156
92.48415157420588,184320,90,34.64,66,2763,0.0061895324086601086,0.0003,0.07999999076128006,0.30113636363636365,480.0571205832741,0.026830994,94,233.3595428466797,32.096920013427734,0.2,0.0027738213539123535
92.52380668942884,186368,91,34.64,67,2762,0.014175931981299073,0.0003,0.07999999076128006,0.2060546875,468.1815719604492,0.015002694,95,223.57830810546875,32.096920013427734,0.2,0.0028607845306396484
92.29900706273457,188416,92,34.52,68,2762,0.010138573125004768,0.0003,0.07999999076128006,0.20390625,495.2492309570313,0.014982042,96,247.41433715820312,32.096920013427734,0.2,0.002782881259918213
92.28348404656992,190464,93,34.55,68,2761,0.013160469010472298,0.0003,0.07999999076128006,0.1982421875,481.30726623535156,0.014660582,97,264.864013671875,32.096920013427734,0.2,0.002837061882019043
92.09409295180953,192512,94,34.58,69,2760,0.01526725066027471,0.0003,0.07999999076128006,0.25167410714285715,477.1033717564174,0.017880479,98,256.0140686035156,32.096920013427734,0.2,0.0030411481857299805
92.3732923306734,194560,95,34.73,70,2759,0.011680032747487227,0.0003,0.07999999076128006,0.20963541666666666,464.9064127604167,0.015357505,99,233.16738891601562,32.096920013427734,0.2,0.0031908154487609863
92.86984844216241,196608,96,34.86,71,2759,0.020917714340612292,0.0003,0.07999999076128006,0.2744140625,494.6469497680664,0.019696815,100,252.2311248779297,32.096920013427734,0.2,0.003242015838623047
93.05657681195292,198656,97,34.94,72,2758,0.017933448078110814,0.0003,0.07999999076128006,0.169921875,503.8872833251953,0.012524035,101,239.49691772460938,32.096920013427734,0.2,0.0033153891563415527
93.26138850825738,200704,98,35.02,72,2758,0.019697376061230898,0.0003,0.07999999076128006,0.2373046875,484.07035064697266,0.018410709,102,252.47470092773438,32.096920013427734,0.2,0.0033072829246520996
93.72369691570383,202752,99,35.26,73,2757,0.013511823955923319,0.0003,0.07999999076128006,0.1865234375,491.18782806396484,0.014230609,103,248.03990173339844,32.096920013427734,0.2,0.0035449862480163574
93.76597939909121,204800,100,35.26,74,2757,0.008066663518548012,0.0003,0.07999999076128006,0.2375,490.02695922851564,0.018080248,104,272.01995849609375,32.096920013427734,0.2,0.0034624338150024414
93.84225603569232,206848,101,35.29,75,2756,0.007720294009361949,0.0003,0.07999999076128006,0.2578125,493.0230974469866,0.01924313,105,235.14517211914062,32.096920013427734,0.2,0.0036011934280395508
93.31472073747571,208896,102,35.1,75,2756,0.01392452698200941,0.0003,0.07999999076128006,0.1728515625,499.5542297363281,0.014157945,106,247.89187622070312,32.096920013427734,0.2,0.003612339496612549
93.12675349598484,210944,103,34.97,76,2755,0.016111154885341723,0.0003,0.07999999076128006,0.25,487.4864959716797,0.019152401,107,255.30862426757812,32.096920013427734,0.2,0.003474116325378418
93.68226154133366,212992,104,35.23,77,2755,0.0015584200154989958,0.0003,0.07999999076128006,0.1826171875,491.3451919555664,0.012701081,108,235.17645263671875,32.096920013427734,0.2,0.0035416483879089355
93.58867434952772,215040,105,35.22,78,2754,0.012758501712232828,0.0003,0.07999999076128006,0.21015625,468.5063720703125,0.014957363,109,218.92080688476562,32.096920013427734,0.2,0.0035790205001831055
93.85127639710271,217088,106,35.38,78,2754,0.013499835040420294,0.0003,0.07999999076128006,0.2265625,488.5322723388672,0.016627222,110,244.74085998535156,32.096920013427734,0.2,0.003443300724029541
94.27798267522212,219136,107,35.51,79,2754,0.009983794647268951,0.0003,0.07999999076128006,0.1865234375,491.4679260253906,0.01419461,111,233.20248413085938,32.096920013427734,0.2,0.003765702247619629
94.040444255101,221184,108,35.36,80,2753,0.004660484701162204,0.0003,0.07999999076128006,0.1943359375,489.7224578857422,0.014842156,112,227.6767120361328,32.096920013427734,0.2,0.0038091540336608887
93.67752247434925,223232,109,35.21,81,2751,0.007681183703243733,0.0003,0.07999999076128006,0.19765625,498.84251708984374,0.015867833,113,269.88812255859375,32.096920013427734,0.2,0.0037540793418884277
93.71595940377503,225280,110,35.22,81,2751,0.02292384821921587,0.0003,0.07999999076128006,0.2140625,459.0248718261719,0.015416199,114,246.18406677246094,32.096920013427734,0.2,0.0038182735443115234
93.44500296883623,227328,111,35.17,82,2750,0.008253464940935373,0.0003,0.07999999076128006,0.2080078125,482.78202056884766,0.016713291,115,254.60604858398438,32.096920013427734,0.2,0.004095554351806641
91.97099036478392,229376,112,34.69,83,2750,0.00973699614405632,0.0003,0.07999999076128006,0.1884765625,503.60316467285156,0.01339983,116,240.58294677734375,32.096920013427734,0.2,0.004230082035064697
91.16159764161813,231424,113,34.39,84,2750,0.010403979802504182,0.0003,0.07999999076128006,0.1650390625,462.81974029541016,0.012641128,117,215.75633239746094,32.096920013427734,0.2,0.004004001617431641
92.59869102357989,233472,114,34.95,84,2750,0.020250906934961677,0.0003,0.07999999076128006,0.23828125,460.53680419921875,0.02220859,118,234.375,32.096920013427734,0.2,0.004134833812713623
92.92737051849234,235520,115,34.96,85,2749,0.010290152160450816,0.0003,0.07999999076128006,0.1962890625,440.3581848144531,0.014952542,119,222.0478515625,32.096920013427734,0.2,0.0041855573654174805
93.79716734495518,237568,116,35.22,86,2749,0.010936098755337298,0.0003,0.07999999076128006,0.224609375,508.4221954345703,0.017370464,120,252.93673706054688,32.096920013427734,0.2,0.004207193851470947
94.32918894395807,239616,117,35.45,87,2749,0.00923882843926549,0.0003,0.07999999076128006,0.1875,521.3375778198242,0.013499158,121,262.7093200683594,32.096920013427734,0.2,0.004789113998413086
94.09666909125514,241664,118,35.35,87,2748,0.012632920872420073,0.0003,0.07999999076128006,0.2109375,477.22655487060547,0.017335542,122,224.17312622070312,32.096920013427734,0.2,0.004931628704071045
93.44008721832544,243712,119,35.06,88,2748,0.011664269724860787,0.0003,0.07999999076128006,0.2392578125,450.14461517333984,0.017291974,123,231.3201904296875,32.096920013427734,0.2,0.004968881607055664
93.30865805580069,245760,120,34.98,89,2748,-0.00048177270218729973,0.0003,0.07999999076128006,0.212890625,468.8811264038086,0.017926224,124,225.57254028320312,32.096920013427734,0.2,0.005090057849884033
93.41157812390482,247808,121,34.99,90,2748,0.015837209299206734,0.0003,0.07999999076128006,0.1962890625,488.4964141845703,0.015159292,125,257.443115234375,32.096920013427734,0.2,0.005241453647613525
93.31922412209776,249856,122,34.94,90,2747,0.00788354193791747,0.0003,0.07999999076128006,0.291796875,505.71575927734375,0.0278432,127,241.19871520996094,32.096920013427734,0.2,0.00539928674697876
93.36682981565853,251904,123,34.96,91,2747,0.006040760315954685,0.0003,0.07999999076128006,0.22981770833333334,487.88084920247394,0.01581399,128,256.5793151855469,32.096920013427734,0.2,0.0056746602058410645
93.45191648523533,253952,124,35.03,92,2747,0.018796888645738363,0.0003,0.07999999076128006,0.1875,472.48580169677734,0.0145494575,129,216.97540283203125,32.096920013427734,0.2,0.0060485005378723145
92.93747533055695,256000,125,34.82,93,2746,0.011560148280113935,0.0003,0.07999999076128006,0.21015625,456.3984619140625,0.015135242,130,237.02980041503906,32.096920013427734,0.2,0.006636202335357666
93.10159720411747,258048,126,34.91,93,2746,0.006832550838589668,0.0003,0.07999999076128006,0.2421875,456.464453125,0.016745087,131,204.9368896484375,32.096920013427734,0.2,0.006728410720825195
93.69380831032096,260096,127,35.17,94,2746,0.00914839692413807,0.0003,0.07999999076128006,0.20078125,506.67294921875,0.015397531,132,250.41444396972656,32.096920013427734,0.2,0.007291436195373535
93.29985813260528,262144,128,34.99,95,2746,0.006256673950701952,0.0003,0.07999999076128006,0.23307291666666666,500.0862630208333,0.017156914,133,253.17819213867188,32.096920013427734,0.2,0.007262229919433594
93.52747561809947,264192,129,35.14,96,2745,0.00697399191558361,0.0003,0.07999999076128006,0.21875,467.7184753417969,0.017672028,134,230.64292907714844,32.096920013427734,0.2,0.007585287094116211
93.85569278740728,266240,130,35.25,96,2745,0.0193556840531528,0.0003,0.07999999076128006,0.265625,470.748291015625,0.02096897,135,230.8016357421875,32.096920013427734,0.2,0.008440017700195312
92.86161693709835,268288,131,34.93,97,2745,0.006138155236840248,0.0003,0.07999999076128006,0.2197265625,467.8653793334961,0.015437131,136,226.8212127685547,32.096920013427734,0.2,0.009062111377716064
93.90786277842768,270336,132,35.4,98,2745,0.017207994125783443,0.0003,0.07999999076128006,0.2109375,469.8257598876953,0.014219375,137,238.17835998535156,32.096920013427734,0.2,0.009181320667266846
93.37891076207323,272384,133,35.22,99,2745,0.01085945637896657,0.0003,0.07999999076128006,0.1875,466.7620162963867,0.012924821,138,237.9601287841797,32.096920013427734,0.2,0.00988304615020752
92.91082921067262,274432,134,35.01,99,2745,0.010881090691934029,0.0003,0.07999999076128006,0.23567708333333334,482.767817179362,0.017431395,139,242.53602600097656,32.096920013427734,0.2,0.010016083717346191
92.30266801452166,276480,135,34.75,100,2744,0.010610026121139527,0.0003,0.07999999076128006,0.215625,480.4064575195313,0.016475763,140,232.05101013183594,32.096920013427734,0.2,0.011126279830932617
92.58490806810734,278528,136,34.89,101,2744,0.018562662601470947,0.0003,0.07999999076128006,0.225,473.41123046875,0.018211475,141,234.15281677246094,32.096920013427734,0.2,0.012322187423706055
93.56522185090438,280576,137,35.35,102,2744,0.01428730390034616,0.0003,0.07999999076128006,0.2119140625,451.71441650390625,0.016724199,142,235.2119903564453,32.096920013427734,0.2,0.014190733432769775
93.77960444313821,282624,138,35.4,102,2744,0.01193044800311327,0.0003,0.07999999076128006,0.189453125,490.0398406982422,0.0150186,143,265.0740966796875,32.096920013427734,0.2,0.014648020267486572
93.32520360551487,284672,139,35.2,103,2744,0.008915836922824383,0.0003,0.07999999076128006,0.224609375,482.2187042236328,0.01712964,144,239.99693298339844,32.096920013427734,0.2,0.015667617321014404
92.3285027718178,286720,140,34.76,104,2743,0.012794779986143113,0.0003,0.07999999076128006,0.2328125,464.05413818359375,0.018309524,145,252.53648376464844,32.096920013427734,0.2,0.01742762327194214
93.1554156097778,288768,141,35.1,105,2743,0.005220757564529777,0.0003,0.07999999076128006,0.193359375,456.0818862915039,0.01653417,146,214.1366729736328,32.096920013427734,0.2,0.020222604274749756
92.44657996316855,290816,142,34.84,106,2743,0.010172509774565696,0.0003,0.07999999076128006,0.22734375,431.13682250976564,0.017194135,147,208.871337890625,32.096920013427734,0.2,0.022947311401367188
91.12355440332789,292864,143,34.33,106,2743,0.017972768284380436,0.0003,0.07999999076128006,0.220703125,461.72937774658203,0.016520651,148,230.9348602294922,32.096920013427734,0.2,0.025776267051696777
92.4890176551593,294912,144,34.8,107,2743,0.0060612892266362906,0.0003,0.07999999076128006,0.220703125,475.4477081298828,0.017982692,149,238.4236297607422,32.096920013427734,0.2,0.030013203620910645
93.25220077465629,296960,145,35.11,108,2743,0.013352095149457455,0.0003,0.07999999076128006,0.1845703125,484.02955627441406,0.014080776,150,250.91558837890625,32.096920013427734,0.2,0.03595113754272461
93.48368846848668,299008,146,35.17,109,2742,0.013653259724378586,0.0003,0.07999999076128006,0.1708984375,452.37249755859375,0.013380714,151,229.2500457763672,32.096920013427734,0.2,0.041565656661987305
93.26848179090602,301056,147,35.05,109,2742,0.013115821406245232,0.0003,0.07999999076128006,0.2373046875,418.98950958251953,0.02361067,152,210.383544921875,32.096920013427734,0.2,0.04982095956802368
92.14642680460418,303104,148,34.57,110,2741,0.0063444313903649645,0.0003,0.07999999076128006,0.1953125,437.39223225911456,0.01456288,153,214.48451232910156,32.096920013427734,0.2,0.057201087474823
91.96823335910182,305152,149,34.53,111,2741,0.016018704744055867,0.0003,0.07999999076128006,0.2216796875,457.75123596191406,0.016322715,154,223.01930236816406,32.096920013427734,0.2,0.06150633096694946
92.16315013543189,307200,150,34.6,112,2741,0.012086058501154184,0.0003,0.07999999076128006,0.22591145833333334,481.53807576497394,0.016755976,155,221.91957092285156,32.096920013427734,0.2,0.07885229587554932
92.21396404280338,309248,151,34.62,112,2741,0.025093733333051205,0.0003,0.07999999076128006,0.2392578125,430.19602966308594,0.01950099,156,221.43939208984375,32.096920013427734,0.2,0.10614711046218872
90.83762369870718,311296,152,34.11,113,2741,0.010955653851851821,0.0003,0.07999999076128006,0.201171875,399.5472717285156,0.015428713,157,189.19876098632812,32.096920013427734,0.2,0.13688480854034424
90.3973179881259,313344,153,33.95,114,2740,0.013056750409305096,0.0003,0.07999999076128006,0.2158203125,374.03174591064453,0.014649006,158,194.0592498779297,32.096920013427734,0.2,0.16055959463119507
90.50764745301656,315392,154,33.99,115,2740,0.010374205807844797,0.0003,0.07999999076128006,0.16927083333333334,364.9442952473958,0.0122678345,159,191.7510223388672,32.096920013427734,0.2,0.2130468487739563
88.86658932889688,317440,155,33.32,115,2740,0.017459271010011435,0.0003,0.07999999076128006,0.2724609375,376.03697967529297,0.018879708,160,185.7621612548828,32.096920013427734,0.2,0.24276643991470337
89.79429270095538,319488,156,33.72,116,2740,0.015283912606537341,0.0003,0.07999999076128006,0.2109375,373.564892578125,0.0150540965,161,177.59207153320312,32.096920013427734,0.2,0.2763769030570984
91.18133562144651,321536,157,34.28,117,2740,0.010585627052932978,0.0003,0.07999999076128006,0.203125,338.17037200927734,0.0158375,162,161.39849853515625,32.096920013427734,0.2,0.39808619022369385
91.31037303356965,323584,158,34.35,118,2740,0.019750083331018686,0.0003,0.07999999076128006,0.232421875,300.9199523925781,0.017015874,163,157.6825714111328,32.096920013427734,0.2,0.47331875562667847
90.54580865942008,325632,159,34.05,118,2739,0.010892192833125591,0.0003,0.07999999076128006,0.2587890625,273.0745849609375,0.020729434,164,150.99603271484375,32.096920013427734,0.2,0.5264348983764648
90.22262821624007,327680,160,33.99,119,2738,0.011712167039513588,0.0003,0.07999999076128006,0.18828125,264.9011688232422,0.013889824,165,138.7632293701172,32.096920013427734,0.2,0.5842901468276978
90.90772475789547,329728,161,34.25,120,2738,0.008557569608092308,0.0003,0.07999999076128006,0.215625,250.69532775878906,0.018111175,166,124.38972473144531,32.096920013427734,0.2,0.6399120092391968
90.00837353170625,331776,162,33.87,121,2737,0.014200594431410233,0.0003,0.07999999076128006,0.25390625,254.52516174316406,0.019300586,167,116.28495025634766,32.096920013427734,0.2,0.662111759185791
90.83413837851457,333824,163,34.26,121,2737,0.012350262608379126,0.0003,0.07999999076128006,0.240234375,250.4669189453125,0.018070757,168,131.9750213623047,32.096920013427734,0.2,0.6531783938407898
92.31398775513355,335872,164,34.93,122,2737,0.019271013947824638,0.0003,0.07999999076128006,0.2805989583333333,247.03966013590494,0.021209748,169,128.5633087158203,32.096920013427734,0.2,0.6971989870071411
91.91108233241323,337920,165,34.75,123,2735,0.004224063518146674,0.0003,0.07999999076128006,0.21484375,218.36185201009116,0.015348263,170,115.18388366699219,32.096920013427734,0.2,0.6880433559417725
91.93714495191864,339968,166,34.72,124,2735,0.016920476996650297,0.0003,0.07999999076128006,0.19921875,232.1290028889974,0.01466513,171,109.7506103515625,32.096920013427734,0.2,0.6713682413101196
91.512458833407,342016,167,34.57,125,2735,0.01379422191530466,0.0003,0.07999999076128006,0.2626953125,246.39231872558594,0.020604808,172,110.17166900634766,32.096920013427734,0.2,0.6547698974609375
91.91071476232263,344064,168,34.83,125,2735,0.004907696275040507,0.0003,0.07999999076128006,0.1943359375,253.73342895507812,0.014466478,173,117.60718536376953,32.096920013427734,0.2,0.6511867046356201
91.07488858758569,346112,169,34.53,126,2735,0.014639705419540405,0.0003,0.07999999076128006,0.189453125,264.6309051513672,0.01487817,174,130.4043426513672,32.096920013427734,0.2,0.6650652885437012
90.91878359831937,348160,170,34.41,127,2735,0.01733717108145356,0.0003,0.07999999076128006,0.24453125,253.627587890625,0.018482888,175,116.86714172363281,32.096920013427734,0.2,0.6539006233215332
92.0686571788711,350208,171,34.84,128,2734,0.01201467402279377,0.0003,0.07999999076128006,0.1962890625,237.5081558227539,0.015257975,176,119.41227722167969,32.096920013427734,0.2,0.675112247467041
91.92057688791458,352256,172,34.8,128,2733,0.008862564340233803,0.0003,0.07999999076128006,0.21484375,235.2675552368164,0.015657615,177,127.39767456054688,32.096920013427734,0.2,0.6771615743637085
91.35905588674748,354304,173,34.54,129,2733,0.011558787830706154,0.0003,0.07999999076128006,0.24720982142857142,227.88189697265625,0.01845426,178,92.28766632080078,32.096920013427734,0.2,0.6895771622657776
91.76188353954761,356352,174,34.56,130,2733,0.013555950950831175,0.0003,0.07999999076128006,0.1806640625,250.38298416137695,0.014323186,179,133.85394287109375,32.096920013427734,0.2,0.6631960868835449
92.11746887105788,358400,175,34.78,131,2733,0.00985864782705903,0.0003,0.07999999076128006,0.1884765625,249.50490188598633,0.013000104,180,122.3521499633789,32.096920013427734,0.2,0.6662637591362
92.06085811992894,360448,176,34.81,131,2733,0.016626607704286773,0.0003,0.07999999076128006,0.24283854166666666,238.07105000813803,0.018672938,181,115.26179504394531,32.096920013427734,0.2,0.6891446113586426
92.09365866054513,362496,177,34.79,132,2733,0.005783451534807682,0.0003,0.07999999076128006,0.21640625,226.98830871582032,0.016012603,182,119.92471313476562,32.096920013427734,0.2,0.6903818845748901
92.16202642063782,364544,178,34.82,133,2733,0.0020152751822024584,0.0003,0.07999999076128006,0.1923828125,204.10308456420898,0.0152111305,183,99.17446899414062,32.096920013427734,0.2,0.7020725011825562
91.74607393233347,366592,179,34.68,134,2733,0.010822700569406152,0.0003,0.07999999076128006,0.2177734375,206.13677597045898,0.016992109,184,106.88885498046875,32.096920013427734,0.2,0.701088011264801
91.6410368559547,368640,180,34.58,134,2733,0.02080020954599604,0.0003,0.07999999076128006,0.25,229.30730438232422,0.021413524,185,123.89234161376953,32.096920013427734,0.2,0.693787157535553
91.96853377952532,370688,181,34.67,135,2733,0.01733108051121235,0.0003,0.07999999076128006,0.2177734375,226.95835876464844,0.016404392,186,119.18983459472656,32.096920013427734,0.2,0.6940203905105591
91.75094660806911,372736,182,34.58,136,2733,0.004641693085432053,0.0003,0.07999999076128006,0.1669921875,230.5201759338379,0.013463202,187,105.326171875,32.096920013427734,0.2,0.6958222389221191
91.34736685881988,374784,183,34.49,137,2733,0.010139203630387783,0.0003,0.07999999076128006,0.2,215.70091552734374,0.01583903,188,107.85585021972656,32.096920013427734,0.2,0.7045707702636719
90.48914706738478,376832,184,34.1,137,2733,0.01258246973156929,0.0003,0.07999999076128006,0.18359375,222.522216796875,0.0137360385,189,124.65103149414062,32.096920013427734,0.2,0.7014262676239014
91.20988326128526,378880,185,34.48,138,2733,0.009456415195018053,0.0003,0.07999999076128006,0.220703125,205.40092849731445,0.017390907,190,112.25334167480469,32.096920013427734,0.2,0.6889815926551819
91.91018526500557,380928,186,34.74,139,2733,0.01802516859024763,0.0003,0.07999999076128006,0.2046875,210.71323852539064,0.0153479185,191,93.55963897705078,32.096920013427734,0.2,0.7305750846862793
91.24118718058554,382976,187,34.48,140,2733,0.009666481334716082,0.0003,0.07999999076128006,0.22734375,206.46987609863282,0.016022185,192,98.30728149414062,32.096920013427734,0.2,0.7227742671966553
91.19734554119083,385024,188,34.47,140,2733,0.014586480148136616,0.0003,0.07999999076128006,0.221875,215.80008850097656,0.016575461,193,104.26753997802734,32.096920013427734,0.2,0.7048220634460449
91.3070965955617,387072,189,34.57,141,2734,0.016440367481360834,0.0003,0.07999999076128006,0.2897135416666667,218.0154012044271,0.02064385,194,104.49024963378906,32.096920013427734,0.2,0.7130227088928223
91.5651322213274,389120,190,34.67,142,2734,0.016945778857916594,0.0003,0.07999999076128006,0.2529296875,221.41301727294922,0.01808453,195,114.70649719238281,32.096920013427734,0.2,0.7107802629470825
92.67375190063736,391168,191,35.1,143,2734,0.007446540350263769,0.0003,0.07999999076128006,0.2833806818181818,210.05000166459516,0.0289773,197,98.10526275634766,32.096920013427734,0.2,0.7195436954498291
92.69999980321526,393216,192,35.11,143,2734,0.011721232129881779,0.0003,0.07999999076128006,0.255859375,205.9440943400065,0.01792612,198,107.26475524902344,32.096920013427734,0.2,0.7353157997131348
92.89177374018288,395264,193,35.25,144,2734,0.014178941159376077,0.0003,0.07999999076128006,0.21986607142857142,203.2339848109654,0.0154912565,199,104.90010070800781,32.096920013427734,0.2,0.7376518249511719
92.95546693530441,397312,194,35.2,145,2734,0.014829739462584257,0.0003,0.07999999076128006,0.2822265625,204.8666286468506,0.020420825,200,87.61244201660156,32.096920013427734,0.2,0.7386602759361267
92.786422371409,399360,195,35.16,146,2734,0.0070591165373722715,0.0003,0.07999999076128006,0.18489583333333334,200.97614542643228,0.013031617,201,100.8084716796875,32.096920013427734,0.2,0.7491015195846558
92.98640361575072,401408,196,35.31,146,2734,0.016991416923701763,0.0003,0.07999999076128006,0.240234375,192.11169815063477,0.021168716,202,97.7283706665039,32.096920013427734,0.2,0.7388370037078857
93.25444963197604,403456,197,35.42,147,2734,0.010714435135014355,0.0003,0.07999999076128006,0.2431640625,196.4820213317871,0.020853799,203,100.32066345214844,32.096920013427734,0.2,0.7531861662864685
93.07938183925957,405504,198,35.39,148,2734,0.018582753371447325,0.0003,0.07999999076128006,0.2734375,196.64500172932944,0.02066692,204,97.29247283935547,32.096920013427734,0.2,0.7381047010421753
92.88450978303146,407552,199,35.27,149,2734,0.00692612531461886,0.0003,0.07999999076128006,0.25613839285714285,207.6243896484375,0.017154431,205,115.49908447265625,32.096920013427734,0.2,0.7355839014053345
92.89612774401762,409600,200,35.25,149,2734,0.01054239529184997,0.0003,0.07999999076128006,0.1865234375,203.86592864990234,0.01437554,206,109.7405014038086,32.096920013427734,0.2,0.7458361387252808
92.92151161542884,411648,201,35.26,150,2734,0.012713391799479723,0.0003,0.07999999076128006,0.2177734375,187.03364944458008,0.015593106,207,91.2708969116211,32.096920013427734,0.2,0.7440458536148071
92.61384382544577,413696,202,35.06,151,2734,0.013637574079136053,0.0003,0.07999999076128006,0.24153645833333334,196.4392344156901,0.017136248,208,102.48719024658203,32.096920013427734,0.2,0.7479242086410522
92.49743071870937,415744,203,35.05,152,2734,0.015422828495502472,0.0003,0.07999999076128006,0.228515625,192.59653854370117,0.018923962,209,96.74237060546875,32.096920013427734,0.2,0.7512334585189819
93.77061835894284,417792,204,35.53,152,2734,0.009445352852344513,0.0003,0.07999999076128006,0.21171875,188.76412963867188,0.016840994,210,91.3861083984375,32.096920013427734,0.2,0.7567369937896729
93.26820173439825,419840,205,35.26,153,2734,0.014170033484697342,0.0003,0.07999999076128006,0.2453125,192.8065673828125,0.018233743,211,98.05643463134766,32.096920013427734,0.2,0.7607223987579346
92.49265900720253,421888,206,34.94,154,2734,0.009363255091011524,0.0003,0.07999999076128006,0.30390625,194.04564361572267,0.03466829,213,82.26338958740234,32.096920013427734,0.2,0.7374499440193176
92.17239089063932,423936,207,34.82,155,2734,0.0069920991857846575,0.0003,0.07999999076128006,0.21223958333333334,190.10623168945312,0.0148168085,214,94.76526641845703,32.096920013427734,0.2,0.7475062608718872
93.04823560254539,425984,208,35.15,155,2734,0.01422378933057189,0.0003,0.07999999076128006,0.236328125,189.87095642089844,0.017078936,215,95.95004272460938,32.096920013427734,0.2,0.7383188009262085
92.62465678798922,428032,209,35.02,156,2735,0.007255986426025629,0.0003,0.07999999076128006,0.240625,187.20772399902344,0.017964164,216,90.7450942993164,32.096920013427734,0.2,0.7729567289352417
92.4378653044688,430080,210,34.99,157,2735,0.015488555654883385,0.0003,0.07999999076128006,0.28125,186.14451599121094,0.020463284,217,96.71700286865234,32.096920013427734,0.2,0.7500666379928589
93.37454919861311,432128,211,35.36,157,2735,0.009949924238026143,0.0003,0.07999999076128006,0.23203125,181.24210205078126,0.0168443,218,82.5811538696289,32.096920013427734,0.2,0.7635683417320251
94.22267531477213,434176,212,35.66,158,2735,0.010279484558850527,0.0003,0.07999999076128006,0.1904296875,179.59786987304688,0.014961883,219,90.34546661376953,32.096920013427734,0.2,0.7687361836433411
94.38223381891858,436224,213,35.62,159,2735,0.013345366343855858,0.0003,0.07999999076128006,0.1923828125,175.59056091308594,0.013421897,220,90.44873809814453,32.096920013427734,0.2,0.7794873118400574
94.24199683700726,438272,214,35.53,160,2735,0.01511196605861187,0.0003,0.07999999076128006,0.2412109375,183.72186279296875,0.018454876,221,89.02255249023438,32.096920013427734,0.2,0.771932065486908
94.53428703151312,440320,215,35.72,160,2735,0.009307925216853618,0.0003,0.07999999076128006,0.240234375,182.74999389648437,0.028869024,223,94.03961181640625,32.096920013427734,0.2,0.7633024454116821
94.57186907929812,442368,216,35.76,161,2735,0.015252611367031932,0.0003,0.07999999076128006,0.232421875,183.17899703979492,0.017510992,224,86.54911041259766,32.096920013427734,0.2,0.7868711948394775
94.42720718221054,444416,217,35.69,162,2735,0.0073648670222610235,0.0003,0.07999999076128006,0.20703125,172.55765533447266,0.01704549,225,88.5113754272461,32.096920013427734,0.2,0.7767028212547302
94.92568897388594,446464,218,35.91,163,2735,0.005651006707921624,0.0003,0.07999999076128006,0.1982421875,177.3996353149414,0.0138063505,226,91.20731353759766,32.096920013427734,0.2,0.7764350771903992
95.02990143913149,448512,219,35.98,163,2735,0.011124055832624435,0.0003,0.07999999076128006,0.2255859375,178.84538650512695,0.015879031,227,82.03527069091797,32.096920013427734,0.2,0.7808300256729126
95.19148095417351,450560,220,36.06,164,2735,0.011724569252692163,0.0003,0.07999999076128006,0.220703125,176.0242042541504,0.016962616,228,89.48453521728516,32.096920013427734,0.2,0.7868342995643616
95.53504779382564,452608,221,36.29,165,2735,0.005846038227900863,0.0003,0.07999999076128006,0.169921875,175.85061645507812,0.012700921,229,87.74919128417969,32.096920013427734,0.2,0.7940298914909363
95.25727549249203,454656,222,36.21,166,2735,0.018942853435873985,0.0003,0.07999999076128006,0.1865234375,188.9858627319336,0.016185563,230,93.02275085449219,32.096920013427734,0.2,0.7902994751930237
95.06243448993946,456704,223,36.08,166,2735,0.015255635231733322,0.0003,0.07999999076128006,0.2296875,187.84683532714843,0.016901115,231,87.08492279052734,32.096920013427734,0.2,0.7758060693740845
95.3661303626001,458752,224,36.3,167,2735,0.004461723961867392,0.0003,0.07999999076128006,0.1865234375,169.5067481994629,0.013482357,232,82.59307861328125,32.096920013427734,0.2,0.7852115035057068
95.06509034264917,460800,225,36.24,168,2735,0.00771788926795125,0.0003,0.07999999076128006,0.220703125,166.9443473815918,0.016414937,233,84.95816802978516,32.096920013427734,0.2,0.7985790967941284
94.66759086993562,462848,226,36.07,169,2735,0.014419884979724884,0.0003,0.07999999076128006,0.21171875,164.82863159179686,0.016102713,234,88.16471862792969,32.096920013427734,0.2,0.7920053005218506
94.82143267393853,464896,227,36.18,169,2736,0.010713724978268146,0.0003,0.07999999076128006,0.2,171.47627868652344,0.01446298,235,96.6539535522461,32.096920013427734,0.2,0.7953104376792908
94.88534899920484,466944,228,36.22,170,2736,0.006701386347413063,0.0003,0.07999999076128006,0.23125,162.67347717285156,0.016646957,236,76.60677337646484,32.096920013427734,0.2,0.8069700002670288
94.25510721679596,468992,229,35.95,171,2736,0.014170847553759813,0.0003,0.07999999076128006,0.253125,159.64896545410156,0.019334625,237,82.69002532958984,32.096920013427734,0.2,0.8059156537055969
94.71882773332051,471040,230,36.11,172,2736,0.015024566402037939,0.0003,0.07999999076128006,0.2552083333333333,164.07869466145834,0.021012945,238,86.14237213134766,32.096920013427734,0.2,0.7990829348564148
95.33084689534331,473088,231,36.35,172,2736,0.01041124559318026,0.0003,0.07999999076128006,0.2727864583333333,155.96649169921875,0.019554973,239,81.80509185791016,32.096920013427734,0.2,0.8134527206420898
95.24041414168097,475136,232,36.26,173,2736,0.015412081343432268,0.0003,0.07999999076128006,0.236328125,162.95140075683594,0.018413521,240,87.977783203125,32.096920013427734,0.2,0.8053257465362549
95.41983074037178,477184,233,36.43,174,2736,0.020711518824100494,0.0003,0.07999999076128006,0.248046875,155.35980606079102,0.017758934,241,89.57083892822266,32.096920013427734,0.2,0.8115136623382568
95.60352137912614,479232,234,36.6,175,2736,0.009261234290897846,0.0003,0.07999999076128006,0.19453125,146.20029296875,0.014691627,242,67.54864501953125,32.096920013427734,0.2,0.8154262900352478
95.62553094720727,481280,235,36.64,175,2736,0.010180580274512371,0.0003,0.07999999076128006,0.23111979166666666,154.55896759033203,0.01743039,243,75.7808837890625,32.096920013427734,0.2,0.8081181645393372
95.56829671894457,483328,236,36.62,176,2736,0.012441149114498071,0.0003,0.07999999076128006,0.27120535714285715,161.85807364327567,0.019763459,244,79.54527282714844,32.096920013427734,0.2,0.8076947927474976
95.71692204659199,485376,237,36.73,177,2736,0.013951254077255726,0.0003,0.07999999076128006,0.232421875,149.2909164428711,0.018164268,245,73.1629867553711,32.096920013427734,0.2,0.8179336786270142
95.23174362249894,487424,238,36.55,178,2736,0.010727163197265731,0.0003,0.07999999076128006,0.3042534722222222,141.48006608751086,0.031027958,247,73.71534729003906,32.096920013427734,0.2,0.8273074626922607
95.11380595332034,489472,239,36.57,178,2736,0.015697512682527302,0.0003,0.07999999076128006,0.19296875,148.56244812011718,0.013992754,248,73.48108673095703,32.096920013427734,0.2,0.8103395700454712
95.68911618454769,491520,240,36.91,179,2736,0.012309529632329941,0.0003,0.07999999076128006,0.2453125,154.34811401367188,0.017630795,249,73.06297302246094,32.096920013427734,0.2,0.8226152658462524
95.14413887850606,493568,241,36.71,180,2736,0.007055914029479027,0.0003,0.07999999076128006,0.189453125,146.67197799682617,0.013691275,250,66.68112182617188,32.096920013427734,0.2,0.8297429084777832
94.70911866842326,495616,242,36.52,181,2736,0.015226653963327407,0.0003,0.07999999076128006,0.24375,131.8161865234375,0.017797494,251,63.30780792236328,32.096920013427734,0.2,0.8234585523605347
94.887837607439,497664,243,36.68,181,2736,0.011137561251719793,0.0003,0.07999999076128006,0.19791666666666666,142.85618591308594,0.01680197,252,77.15609741210938,32.096920013427734,0.2,0.8269729614257812
94.58568359594828,499712,244,36.69,182,2736,0.013974486151710153,0.0003,0.07999999076128006,0.2236328125,153.03586196899414,0.01705082,253,80.5840835571289,32.096920013427734,0.2,0.8285096287727356
93.25682344461632,501760,245,36.18,183,2735,0.013473433069884777,0.0003,0.07999999076128006,0.23046875,140.36669311523437,0.01616,254,71.57403564453125,32.096920013427734,0.2,0.8343877792358398
92.87925563807475,503808,246,36.05,184,2735,0.012086802860721946,0.0003,0.07999999076128006,0.1884765625,138.17303848266602,0.013890678,255,58.4595832824707,32.096920013427734,0.2,0.8111501336097717
93.88603317418742,505856,247,36.4,184,2735,0.017920727259479463,0.0003,0.07999999076128006,0.2080078125,134.03870010375977,0.015259391,256,67.80479431152344,32.096920013427734,0.2,0.8327664732933044
94.74151146189725,507904,248,36.79,185,2735,0.014267761446535587,0.0003,0.07999999076128006,0.21953125,129.705224609375,0.016431922,257,63.05292510986328,32.096920013427734,0.2,0.849885106086731
94.44027868023535,509952,249,36.58,186,2735,0.01722300089895725,0.0003,0.07999999076128006,0.22578125,130.9062286376953,0.01567494,258,55.415992736816406,32.096920013427734,0.2,0.8526059985160828
94.32138512811316,512000,250,36.47,187,2735,0.01443432120140642,0.0003,0.07999999076128006,0.19921875,135.30617904663086,0.01722337,259,66.93218231201172,32.096920013427734,0.2,0.8389490246772766
94.57632780406598,514048,251,36.45,187,2735,0.005257582291960716,0.0003,0.07999999076128006,0.2296875,130.8300552368164,0.017465848,260,57.48262023925781,32.096920013427734,0.2,0.8399767875671387
94.49712304012586,516096,252,36.29,188,2735,0.015721774101257323,0.0003,0.07999999076128006,0.19296875,130.93836975097656,0.014976613,261,58.06147003173828,32.096920013427734,0.2,0.8322007060050964
94.58877666072533,518144,253,36.4,189,2735,0.009304310660809278,0.0003,0.07999999076128006,0.2060546875,127.86020278930664,0.015753318,262,66.41551208496094,32.096920013427734,0.2,0.8420834541320801
94.97228820003465,520192,254,36.68,190,2735,0.009273169562220573,0.0003,0.07999999076128006,0.2375,120.80064239501954,0.01769733,263,53.19798278808594,32.096920013427734,0.2,0.8447456955909729
95.23471770479071,522240,255,36.72,190,2735,0.012665941379964352,0.0003,0.07999999076128006,0.2294921875,121.29227447509766,0.01952653,264,54.60660171508789,32.096920013427734,0.2,0.8504562973976135
94.92851111330252,524288,256,36.58,191,2735,0.01730022728443146,0.0003,0.07999999076128006,0.19921875,124.27241821289063,0.01436547,265,60.19721984863281,32.096920013427734,0.2,0.8528658151626587
