rollout/ep_rew_mean,rollout/ep_len_mean,time/fps,time/iterations,time/total_timesteps,time/time_elapsed,train/std,train/clip_fraction,train/explained_variance,train/entropy_loss,train/learning_rate,train/approx_kl,train/value_loss,train/clip_range,train/loss,train/n_updates,train/policy_gradient_loss
89.1850287147403,41.8125,4525,1,2048,0,,,,,,,,,,,
89.27174809797725,41.78651685393258,3907,2,4096,1,0.36798661947250366,0.28642578125,-0.0027823448181152344,-12.154492282867432,0.0003,0.025793038,568.9881294250488,0.2,243.8201904296875,5,-0.04850057051517069
89.57667252029032,41.91,3998,3,6144,1,0.36783158779144287,0.22998046875,0.03513467311859131,-12.152564740180969,0.0003,0.027351113,389.8803405761719,0.2,176.06028747558594,10,-0.048469067364931104
88.36389676696666,41.3,4043,4,8192,2,0.36808693408966064,0.20185546875,0.0640912652015686,-12.151841402053833,0.0003,0.017812712,494.81471557617186,0.2,224.82696533203125,15,-0.04217863494995981
88.430458271616,41.44,4042,5,10240,2,0.368262380361557,0.25166015625,0.09472590684890747,-12.173584294319152,0.0003,0.026668228,347.3828948974609,0.2,161.5679931640625,20,-0.04992184693692252
88.50798426438115,41.46,4039,6,12288,3,0.36827003955841064,0.18125,0.2024793028831482,-12.180062508583068,0.0003,0.017842354,443.5259506225586,0.2,197.09718322753906,25,-0.043373232474550605
88.50833609214357,41.27,4055,7,14336,3,0.36816221475601196,0.23408203125,0.2784895896911621,-12.175315070152283,0.0003,0.026466435,331.93753204345705,0.2,153.35736083984375,30,-0.04919329091208056
89.0020962445668,41.4,4059,8,16384,4,0.3683852255344391,0.21572265625,0.43774133920669556,-12.178491139411927,0.0003,0.022173254,339.23541870117185,0.2,164.5883331298828,35,-0.046952723618596794
88.98624693948594,41.49,4069,9,18432,4,0.3684123456478119,0.26015625,0.5257785320281982,-12.190714526176453,0.0003,0.027973333,302.18460540771486,0.2,146.9157257080078,40,-0.05209242498967796
89.19187557383295,41.8,4064,10,20480,5,0.36897480487823486,0.25537109375,0.5923712253570557,-12.2099285364151,0.0003,0.028040437,254.9331958770752,0.2,127.58747100830078,45,-0.04992539626546204
89.21434646865806,41.76,4028,11,22528,5,0.369286447763443,0.25146484375,0.674445629119873,-12.24690511226654,0.0003,0.028147712,276.1444911956787,0.2,143.13262939453125,50,-0.05101585070369765
89.83501653639985,41.92,4029,12,24576,6,0.3695967197418213,0.31240234375,0.660535454750061,-12.274299168586731,0.0003,0.036835358,215.9511619567871,0.2,83.54132080078125,55,-0.05603125030174851
90.03894448157241,42.14,4030,13,26624,6,0.36965829133987427,0.24580078125,0.7196047902107239,-12.285484194755554,0.0003,0.026705492,241.48998069763184,0.2,109.06939697265625,60,-0.05157902613282204
89.41274426129212,41.98,4030,14,28672,7,0.3698294460773468,0.28349609375,0.738431453704834,-12.294666695594788,0.0003,0.03276246,171.89613723754883,0.2,79.45026397705078,65,-0.05547429097350687
89.40677792771332,42.04,4033,15,30720,7,0.36993759870529175,0.2708984375,0.7510567307472229,-12.308536863327026,0.0003,0.031227525,210.87076416015626,0.2,110.1935043334961,70,-0.054068919981364164
89.78086519267434,42.19,4038,16,32768,8,0.37013065814971924,0.32060546875,0.7901148796081543,-12.31553032398224,0.0003,0.040570505,145.08338928222656,0.2,58.934722900390625,75,-0.05537139452062547
89.43264677785822,41.95,4040,17,34816,8,0.3707205653190613,0.3169921875,0.784929633140564,-12.348707103729248,0.0003,0.037552714,178.3565528869629,0.2,86.31464385986328,80,-0.05619259136728942
90.15338604344562,42.07,4041,18,36864,9,0.37097683548927307,0.35576171875,0.8229337930679321,-12.38203706741333,0.0003,0.0455334,134.2734857559204,0.2,62.44043731689453,85,-0.058896127820480614
90.39827754482344,42.31,4040,19,38912,9,0.37132519483566284,0.32412109375,0.8122597932815552,-12.405385947227478,0.0003,0.041054863,151.18156929016112,0.2,61.202877044677734,90,-0.05892661472316831
90.37169271034215,42.46,4043,20,40960,10,0.3711030185222626,0.333984375,0.849080502986908,-12.408532238006591,0.0003,0.04335472,120.35102348327636,0.2,60.825340270996094,95,-0.05801897700875998
90.2054723509719,42.35,4043,21,43008,10,0.3708299994468689,0.32998046875,0.8444913029670715,-12.388251423835754,0.0003,0.04330514,122.8694679260254,0.2,58.61293029785156,100,-0.05707970552612096
90.3960784699838,42.4,4046,22,45056,11,0.37120574712753296,0.36943359375,0.8780216574668884,-12.391327500343323,0.0003,0.048143387,100.03373889923095,0.2,38.639556884765625,105,-0.060678610531613233
91.43678423502506,42.86,4045,23,47104,11,0.37143921852111816,0.35986328125,0.8722591996192932,-12.416232919692993,0.0003,0.044908617,103.40372676849366,0.2,49.608055114746094,110,-0.06148797643836588
91.7117754320836,42.97,4048,24,49152,12,0.37123483419418335,0.369921875,0.8992456793785095,-12.418823742866516,0.0003,0.05123097,82.83408002853393,0.2,37.25443649291992,115,-0.06118348436430097
91.79041113707777,42.93,4048,25,51200,12,0.3709307014942169,0.357421875,0.8967533111572266,-12.395970392227174,0.0003,0.045371886,86.1219268798828,0.2,38.113704681396484,120,-0.060086133528966454
91.9746957540985,42.91,4041,26,53248,13,0.3707561790943146,0.43369140625,0.9194221496582031,-12.374195885658263,0.0003,0.06598681,66.62633590698242,0.2,30.579017639160156,125,-0.06284352967049926
92.49751346650712,43.03,4043,27,55296,13,0.37086763978004456,0.40615234375,0.9150158166885376,-12.370281744003297,0.0003,0.06131428,73.19761295318604,0.2,31.706735610961914,130,-0.06200050114421174
92.81899797797745,43.11,4045,28,57344,14,0.37139806151390076,0.419921875,0.9296549558639526,-12.392031002044678,0.0003,0.062008396,54.700515556335446,0.2,26.093400955200195,135,-0.06282959771342575
92.87201420416658,43.18,4048,29,59392,14,0.3715180456638336,0.40517578125,0.9341670870780945,-12.429962658882141,0.0003,0.06062252,55.36221017837524,0.2,21.34721565246582,140,-0.06286833563353866
93.82474478726311,43.55,4050,30,61440,15,0.3717942535877228,0.4185546875,0.9475420117378235,-12.43632082939148,0.0003,0.065417856,44.259854555130005,0.2,16.245540618896484,145,-0.05670154951512814
94.53291701743753,43.78,4051,31,63488,15,0.37224048376083374,0.43154296875,0.9456519484519958,-12.464575672149659,0.0003,0.06478493,46.96911125183105,0.2,18.97367286682129,150,-0.05913922637701034
95.01767422751016,43.92,4053,32,65536,16,0.3720613718032837,0.46689453125,0.9562344551086426,-12.476311659812927,0.0003,0.07985331,35.21013903617859,0.2,14.272455215454102,155,-0.058936537732370196
95.22827500587556,44.05,4054,33,67584,16,0.37260377407073975,0.4564453125,0.960530161857605,-12.479924154281616,0.0003,0.07675284,33.71343960762024,0.2,12.16010570526123,160,-0.06082416665740311
96.0454628252858,44.31,4056,34,69632,17,0.3730585277080536,0.500390625,0.9676971435546875,-12.532337307929993,0.0003,0.10604544,26.336305379867554,0.2,11.443951606750488,165,-0.05978254619985819
96.27935903422818,44.4,4058,35,71680,17,0.37363961338996887,0.444921875,0.9665281772613525,-12.56101438999176,0.0003,0.071048915,28.94775285720825,0.2,13.959768295288086,170,-0.057012132043018936
96.37535902025054,44.41,4059,36,73728,18,0.3737536370754242,0.48984375,0.9715546369552612,-12.591441345214843,0.0003,0.09819166,21.43533329963684,0.2,8.305158615112305,175,-0.05976799977943301
96.33128841040653,44.4,4060,37,75776,18,0.3741418123245239,0.481640625,0.9742038249969482,-12.608922123908997,0.0003,0.09177372,22.840562295913696,0.2,11.42365837097168,180,-0.0607700833468698
96.68964807240009,44.51,4059,38,77824,19,0.3747745454311371,0.5439453125,0.9769124984741211,-12.651346158981323,0.0003,0.11824955,16.003729581832886,0.2,7.270172119140625,185,-0.05602494031190872
97.70489248704456,44.61,4060,39,79872,19,0.3746231198310852,0.50595703125,0.9828535914421082,-12.664723896980286,0.0003,0.10895181,14.88927674293518,0.2,6.769051551818848,190,-0.057691422349307686
99.39658012583286,45.06,4057,40,81920,20,0.37506991624832153,0.52119140625,0.9837498664855957,-12.68044409751892,0.0003,0.12383576,13.06016845703125,0.2,5.032429218292236,195,-0.05940308370627463
99.68626503709865,45.15,4055,41,83968,20,0.37525275349617004,0.55712890625,0.986935555934906,-12.701937818527222,0.0003,0.14263806,10.247539103031158,0.2,3.5820348262786865,200,-0.06022032939945347
100.00068361038173,45.1,4045,42,86016,21,0.3756961524486542,0.56630859375,0.9870286583900452,-12.732861661911011,0.0003,0.13402997,10.469145500659943,0.2,4.536987781524658,205,-0.06147830113768578
100.85989499354899,45.25,4044,43,88064,21,0.37631475925445557,0.51494140625,0.9893473982810974,-12.76465106010437,0.0003,0.11823052,8.530190682411193,0.2,3.8751604557037354,210,-0.058922546997200696
102.11926457900687,45.65,4042,44,90112,22,0.3765341639518738,0.53369140625,0.9901368618011475,-12.797002053260803,0.0003,0.109311305,8.354691350460053,0.2,3.7025485038757324,215,-0.05820977604016662
103.24631059556486,45.96,4039,45,92160,22,0.3769087493419647,0.5146484375,0.9907762408256531,-12.820278143882751,0.0003,0.1074062,7.507834804058075,0.2,3.5007660388946533,220,-0.058489744435064495
104.06225540905852,46.03,4038,46,94208,23,0.3774828612804413,0.519921875,0.9915564060211182,-12.856797242164612,0.0003,0.11288473,6.890105569362641,0.2,2.806694984436035,225,-0.05994635336101055
104.51790971206049,46.04,4038,47,96256,23,0.37714025378227234,0.541796875,0.9908236265182495,-12.868397164344788,0.0003,0.11583386,7.380686259269714,0.2,3.3954124450683594,230,-0.059031877433881164
105.68403534224366,46.38,4036,48,98304,24,0.37696754932403564,0.52978515625,0.9916287660598755,-12.844299483299256,0.0003,0.12497151,6.263353335857391,0.2,2.416337490081787,235,-0.06257165928836912
106.91429594909816,46.76,4034,49,100352,24,0.37718096375465393,0.51455078125,0.9929276704788208,-12.8461745262146,0.0003,0.10144533,6.172921073436737,0.2,2.692634105682373,240,-0.06083593326620758
108.39434892232788,47.12,4033,50,102400,25,0.37712639570236206,0.49970703125,0.9936333894729614,-12.856924104690552,0.0003,0.097858086,5.600093936920166,0.2,2.670121431350708,245,-0.05790225206874311
109.94390673495928,47.56,4031,51,104448,25,0.37770766019821167,0.4794921875,0.9922532439231873,-12.870605230331421,0.0003,0.079643376,6.087719190120697,0.2,2.2128798961639404,250,-0.05786434258334339
110.40876753539256,47.68,4028,52,106496,26,0.37771397829055786,0.52724609375,0.993420422077179,-12.900649547576904,0.0003,0.114297174,5.8280713081359865,0.2,2.920030117034912,255,-0.06001150221563876
111.21709969344815,47.94,4028,53,108544,26,0.3778447210788727,0.492578125,0.9926592111587524,-12.899818301200867,0.0003,0.09204904,6.102441465854644,0.2,2.624171018600464,260,-0.05617886142572388
112.1012177733762,48.21,4026,54,110592,27,0.37814071774482727,0.5126953125,0.9930800795555115,-12.92104263305664,0.0003,0.10245223,5.651390624046326,0.2,2.4899446964263916,265,-0.06181324780918658
112.02755640129656,48.21,4023,55,112640,27,0.3782673180103302,0.53271484375,0.9934257864952087,-12.935920858383179,0.0003,0.09789327,5.888608837127686,0.2,2.5278799533843994,270,-0.0641314537031576
112.88628222809584,48.39,4022,56,114688,28,0.37863975763320923,0.4619140625,0.9902414679527283,-12.953522682189941,0.0003,0.0681234,8.058068001270295,0.2,3.7196707725524902,275,-0.05713130563963205
113.34882034704577,48.45,4021,57,116736,29,0.3788602650165558,0.467578125,0.9935665130615234,-12.97877402305603,0.0003,0.08105619,5.141040450334549,0.2,2.043565273284912,280,-0.05907059682067484
113.40446046659845,48.46,4022,58,118784,29,0.3793157637119293,0.459765625,0.994467556476593,-12.998277115821839,0.0003,0.086153686,5.116996997594834,0.2,2.376950263977051,285,-0.05950687283184379
115.19635092068593,49.05,4023,59,120832,30,0.37935036420822144,0.45546875,0.9934981465339661,-13.024317145347595,0.0003,0.08977109,5.433558666706086,0.2,2.464296579360962,290,-0.05846724254079163
116.11809415009748,49.35,4023,60,122880,30,0.3790631890296936,0.45458984375,0.9928773641586304,-13.01206614971161,0.0003,0.070033744,6.200492465496064,0.2,2.7030513286590576,295,-0.0621344119310379
117.0972726735634,49.76,4023,61,124928,31,0.37920239567756653,0.44228515625,0.9920771718025208,-13.004846882820129,0.0003,0.073291466,7.313952994346619,0.2,3.379380941390991,300,-0.06140810919459909
117.85930564163365,50.07,4024,62,126976,31,0.3794155418872833,0.4515625,0.9932779669761658,-13.018032121658326,0.0003,0.08097478,5.938121581077576,0.2,2.3881428241729736,305,-0.060129646176937966
119.13485817472855,50.45,4024,63,129024,32,0.3795916736125946,0.47314453125,0.9933773279190063,-13.033732175827026,0.0003,0.07118031,5.659809684753418,0.2,2.5635440349578857,310,-0.057286054268479346
119.84652045672519,50.74,4020,64,131072,32,0.37958380579948425,0.45146484375,0.9934736490249634,-13.039405751228333,0.0003,0.07726299,6.327505362033844,0.2,2.4080421924591064,315,-0.06117143622832373
120.60284407107031,51.14,4018,65,133120,33,0.3796153962612152,0.44287109375,0.9943526983261108,-13.04115080833435,0.0003,0.06335378,5.319118356704712,0.2,1.9708983898162842,320,-0.060062554734759036
120.6041353659709,50.93,4018,66,135168,33,0.3799947500228882,0.4185546875,0.9937582612037659,-13.05588140487671,0.0003,0.07053453,5.459962618350983,0.2,2.3861846923828125,325,-0.058549809246324004
120.42193649169349,50.91,4017,67,137216,34,0.38002923130989075,0.423046875,0.9943166971206665,-13.072448015213013,0.0003,0.07406248,5.207254946231842,0.2,1.9330919981002808,330,-0.05817359033972025
122.26280528933239,51.56,4016,68,139264,34,0.3802247643470764,0.42724609375,0.9941760301589966,-13.075448656082154,0.0003,0.06765035,5.49262843132019,0.2,2.6309049129486084,335,-0.05621775295585394
123.74092270323982,52.22,4015,69,141312,35,0.3801308274269104,0.40625,0.9921320080757141,-13.082125306129456,0.0003,0.06358238,7.950178718566894,0.2,3.649190664291382,340,-0.056203698040917516
124.99510719932967,52.56,4014,70,143360,35,0.38061681389808655,0.41943359375,0.9944223165512085,-13.097844123840332,0.0003,0.06937656,5.668887078762054,0.2,2.174682855606079,345,-0.05927814223105088
125.57332532532564,52.71,4013,71,145408,36,0.3808853030204773,0.4576171875,0.9938686490058899,-13.122241163253785,0.0003,0.07883845,6.1429646730422975,0.2,2.740917921066284,350,-0.06242046696133911
126.62599430395846,53.16,4013,72,147456,36,0.38110485672950745,0.405078125,0.9933183193206787,-13.145587635040282,0.0003,0.062489234,6.272258234024048,0.2,2.4321227073669434,355,-0.05230178502388298
127.67427351717015,53.66,4013,73,149504,37,0.3809877634048462,0.422265625,0.992057740688324,-13.1486585855484,0.0003,0.061529756,8.066937494277955,0.2,3.506716012954712,360,-0.06133117187418975
129.33869528912496,54.32,4004,74,151552,37,0.38105523586273193,0.38486328125,0.9896549582481384,-13.14636025428772,0.0003,0.051557176,10.878870332241059,0.2,5.1226301193237305,365,-0.05784219921915792
130.90491063502384,54.82,4000,75,153600,38,0.3809530436992645,0.4642578125,0.9926231503486633,-13.142737460136413,0.0003,0.07340407,7.400855553150177,0.2,3.263629198074341,370,-0.059930415661074224
133.67908133740733,55.79,3995,76,155648,38,0.3811440169811249,0.3203125,0.9887446761131287,-13.146831154823303,0.0003,0.04714436,12.798459005355834,0.2,6.600987434387207,375,-0.05039856737712398
134.86791211728607,56.17,3992,77,157696,39,0.3811628818511963,0.40908203125,0.9915273785591125,-13.156322288513184,0.0003,0.059347853,9.252033007144927,0.2,3.2917168140411377,380,-0.06349424954969436
135.21665607069795,56.42,3990,78,159744,40,0.38107237219810486,0.401171875,0.9909140467643738,-13.154571151733398,0.0003,0.05804419,10.056857824325562,0.2,4.622889518737793,385,-0.061162242339923976
135.25840619506366,56.37,3975,79,161792,40,0.3810892105102539,0.41708984375,0.992039680480957,-13.15028486251831,0.0003,0.06028308,8.67377141714096,0.2,3.7500245571136475,390,-0.05809679569210857
135.47552099231874,56.61,3969,80,163840,41,0.38131141662597656,0.4060546875,0.9911369681358337,-13.156973075866699,0.0003,0.06278776,9.725313889980317,0.2,4.674148082733154,395,-0.06339352927170694
138.39331013919673,57.72,3967,81,165888,41,0.38134509325027466,0.4068359375,0.991710901260376,-13.168804788589478,0.0003,0.06054833,9.44245001077652,0.2,4.1355671882629395,400,-0.05714871557429433
143.00507196759358,59.33,3966,82,167936,42,0.3812873959541321,0.2673828125,0.9842764735221863,-13.166663813591004,0.0003,0.035660654,18.21899559497833,0.2,7.793099403381348,405,-0.047466621070634575
144.63221124961973,60.11,3966,83,169984,42,0.3811033070087433,0.3275390625,0.9878231883049011,-13.157323718070984,0.0003,0.04442531,14.617587661743164,0.2,7.374950885772705,410,-0.05502739159855992
144.81152389009173,60.3,3966,84,172032,43,0.3810787796974182,0.3193359375,0.9805194735527039,-13.14930601119995,0.0003,0.04417727,24.794148135185242,0.2,9.84638786315918,415,-0.05627320283092559
144.8040653325582,60.63,3965,85,174080,43,0.38114041090011597,0.28701171875,0.9421709775924683,-13.150701236724853,0.0003,0.038071163,67.8196888923645,0.2,24.838298797607422,420,-0.03404084970243275
144.90426171386287,60.65,3963,86,176128,44,0.38123664259910583,0.30595703125,0.9823213219642639,-13.157586860656739,0.0003,0.035446115,22.72460651397705,0.2,8.348605155944824,425,-0.05720765289152041
147.56338842289836,61.98,3963,87,178176,44,0.38134536147117615,0.28818359375,0.9808218479156494,-13.165221786499023,0.0003,0.03241867,22.55090410709381,0.2,8.770672798156738,430,-0.04754948813933879
147.44678914832832,61.87,3963,88,180224,45,0.3813968300819397,0.3119140625,0.9845564961433411,-13.170961809158324,0.0003,0.03987952,19.900859713554382,0.2,9.994940757751465,435,-0.056856728787533936
150.8009864702978,63.21,3964,89,182272,45,0.3813445568084717,0.251171875,0.9733575582504272,-13.169928479194642,0.0003,0.03047008,30.481164312362672,0.2,14.508573532104492,440,-0.046912297036033127
149.1571082775341,62.48,3963,90,184320,46,0.3812754452228546,0.298046875,0.9814771413803101,-13.164881730079651,0.0003,0.037207633,23.481789064407348,0.2,8.693615913391113,445,-0.05182112316833809
152.126882364047,63.88,3964,91,186368,47,0.3814060389995575,0.28134765625,0.9774412512779236,-13.165113043785095,0.0003,0.033616308,33.45104694366455,0.2,15.307019233703613,450,-0.05136586346197873
152.09449571781934,63.91,3965,92,188416,47,0.38148900866508484,0.209375,0.9608875513076782,-13.175074291229247,0.0003,0.027090993,35.58120718002319,0.2,10.026984214782715,455,-0.03856442547403276
155.28887043221832,64.99,3961,93,190464,48,0.38152286410331726,0.2279296875,0.9705097079277039,-13.18000943660736,0.0003,0.024194863,35.59446482658386,0.2,17.110881805419922,460,-0.044238037522882225
157.1948085635978,65.59,3961,94,192512,48,0.3815893828868866,0.20791015625,0.9580166339874268,-13.182296776771546,0.0003,0.023470607,55.303751945495605,0.2,23.15007209777832,465,-0.04105634351726621
160.92011907593096,66.95,3961,95,194560,49,0.38162556290626526,0.22294921875,0.9704349040985107,-13.186800789833068,0.0003,0.02735085,38.41730732917786,0.2,12.309072494506836,470,-0.04293498692568391
165.1316021974395,68.57,3961,96,196608,49,0.3817463219165802,0.2298828125,0.9725915193557739,-13.19301073551178,0.0003,0.02776065,38.471595239639285,0.2,16.744117736816406,475,-0.04822479017311707
162.89092705108615,67.89,3962,97,198656,50,0.3817380368709564,0.2400390625,0.9757908582687378,-13.196518564224244,0.0003,0.027282644,32.093267393112185,0.2,12.652745246887207,480,-0.04726288644596934
167.63265649256928,70.07,3963,98,200704,50,0.3817299008369446,0.18369140625,0.9644643068313599,-13.196437358856201,0.0003,0.022836443,53.886904048919675,0.2,23.181758880615234,485,-0.04433791883056983
168.9542888993258,70.69,3964,99,202752,51,0.38171324133872986,0.14765625,0.9462084770202637,-13.19568600654602,0.0003,0.019031318,75.6345088005066,0.2,28.73738670349121,490,-0.0373181683011353
170.69376119392646,71.42,3965,100,204800,51,0.38165637850761414,0.195703125,0.9694058299064636,-13.193531107902526,0.0003,0.021283852,42.27363548278809,0.2,19.800918579101562,495,-0.04617218805942684
171.70963329995905,71.63,3963,101,206848,52,0.38158079981803894,0.17978515625,0.9645785093307495,-13.186912417411804,0.0003,0.020426013,56.00080556869507,0.2,21.90150260925293,500,-0.04269694366957992
172.74891469083545,71.73,3963,102,208896,52,0.3815975785255432,0.24619140625,0.9725807905197144,-13.185000205039978,0.0003,0.029487357,44.44983148574829,0.2,18.688581466674805,505,-0.05229623834602535
173.12664449866708,71.79,3964,103,210944,53,0.3817261755466461,0.1794921875,0.9609225988388062,-13.190583896636962,0.0003,0.020206694,56.46935768127442,0.2,21.211151123046875,510,-0.041111570922657846
175.02594692739666,72.61,3965,104,212992,53,0.38186362385749817,0.266015625,0.9746589660644531,-13.20123782157898,0.0003,0.03190374,37.810989665985105,0.2,16.79446029663086,515,-0.05171608346281573
173.92814685024587,72.23,3966,105,215040,54,0.38178566098213196,0.281640625,0.9770579934120178,-13.204490327835083,0.0003,0.035569407,35.09048156738281,0.2,16.963422775268555,520,-0.05259692021645605
174.80550611228122,72.7,3966,106,217088,54,0.38186395168304443,0.2046875,0.9675715565681458,-13.20188889503479,0.0003,0.024735192,53.36568441390991,0.2,26.505571365356445,525,-0.046117715747095646
174.35838972834281,72.69,3967,107,219136,55,0.38186678290367126,0.23359375,0.9612450003623962,-13.206249737739563,0.0003,0.023469329,58.02157096862793,0.2,25.574180603027344,530,-0.0444607756100595
172.53903430659918,72.06,3966,108,221184,55,0.3819026052951813,0.188671875,0.9645064473152161,-13.207127451896667,0.0003,0.022089249,56.25061893463135,0.2,22.442832946777344,535,-0.041879505128599705
169.90321775253835,71.29,3966,109,223232,56,0.3819865584373474,0.25498046875,0.9708603620529175,-13.211054968833924,0.0003,0.027637642,47.15411796569824,0.2,25.313053131103516,540,-0.04991567749530077
167.7086099306484,70.3,3967,110,225280,56,0.3820532560348511,0.2740234375,0.9772056937217712,-13.216780662536621,0.0003,0.032366496,34.457050800323486,0.2,12.536526679992676,545,-0.05088867893209681
171.58823398797864,71.68,3967,111,227328,57,0.3821277618408203,0.246875,0.9711794853210449,-13.222689652442932,0.0003,0.028182838,46.02525520324707,0.2,21.050657272338867,550,-0.0497552702203393
175.60155991970387,73.24,3967,112,229376,57,0.38215354084968567,0.233203125,0.9744311571121216,-13.225459694862366,0.0003,0.026568383,40.31260108947754,0.2,15.225152015686035,555,-0.04748527153860778
176.63827431471208,74.07,3969,113,231424,58,0.38219451904296875,0.20390625,0.9690213799476624,-13.230065703392029,0.0003,0.025705222,46.19675540924072,0.2,26.008010864257812,560,-0.04269298661965877
178.52940915541237,74.73,3970,114,233472,58,0.3821723461151123,0.23603515625,0.9677971601486206,-13.229584670066833,0.0003,0.027599044,48.54499235153198,0.2,19.73247528076172,565,-0.0469277351628989
175.20729707599057,73.53,3971,115,235520,59,0.38233789801597595,0.22978515625,0.972413957118988,-13.234431791305543,0.0003,0.028777024,36.59320826530457,0.2,14.180793762207031,570,-0.042949205613695085
174.12591963129685,73.06,3972,116,237568,59,0.3823622763156891,0.2650390625,0.9762375354766846,-13.242858457565308,0.0003,0.030450314,36.72789630889893,0.2,17.66103744506836,575,-0.051299900142475964
175.0547892183107,72.98,3972,117,239616,60,0.3823520541191101,0.253125,0.9734784960746765,-13.244066667556762,0.0003,0.028949061,43.571766471862794,0.2,17.88184356689453,580,-0.049998764088377355
176.24342528924345,73.6,3972,118,241664,60,0.3824165463447571,0.19873046875,0.9599380493164062,-13.244388866424561,0.0003,0.02332395,62.3415431022644,0.2,26.73621368408203,585,-0.04351425680797547
177.29819284735248,74.01,3968,119,243712,61,0.38248297572135925,0.25947265625,0.9682688117027283,-13.249643921852112,0.0003,0.029086364,52.59506759643555,0.2,21.36064338684082,590,-0.05118920248933136
177.20015966870247,74.26,3968,120,245760,61,0.3825429081916809,0.24609375,0.9694517850875854,-13.255058240890502,0.0003,0.028618446,54.06947088241577,0.2,20.030120849609375,595,-0.04879993088543415
179.49158235149184,75.02,3969,121,247808,62,0.38253629207611084,0.2099609375,0.9532756805419922,-13.25794780254364,0.0003,0.022956204,72.35715074539185,0.2,33.49690628051758,600,-0.04417912065982819
178.4358939131611,74.81,3967,122,249856,62,0.382673054933548,0.24658203125,0.968991756439209,-13.262526869773865,0.0003,0.026458485,52.471624279022215,0.2,18.217939376831055,605,-0.04726062870468013
181.28530018024495,75.84,3968,123,251904,63,0.3829116225242615,0.21201171875,0.9626175165176392,-13.276314043998719,0.0003,0.024545657,60.50591287612915,0.2,25.51126480102539,610,-0.04356795829953626
185.50705073598402,77.59,3965,124,253952,64,0.382960706949234,0.162109375,0.945271909236908,-13.288576006889343,0.0003,0.020413563,80.43423557281494,0.2,44.81167221069336,615,-0.039460132026579234
186.0553563665128,78.14,3960,125,256000,64,0.38300517201423645,0.20810546875,0.9545007348060608,-13.291465067863465,0.0003,0.025964595,82.96863498687745,0.2,34.82175827026367,620,-0.04389565216843039
185.1201594126162,77.96,3959,126,258048,65,0.38299360871315,0.24208984375,0.9623970985412598,-13.292735028266907,0.0003,0.026636012,62.86460552215576,0.2,30.500762939453125,625,-0.04785523235332221
185.4561266241031,78.23,3958,127,260096,65,0.3829065263271332,0.19560546875,0.9608681201934814,-13.289198279380798,0.0003,0.022472251,61.74572067260742,0.2,26.765226364135742,630,-0.04324084809049964
185.41895134512052,77.91,3958,128,262144,66,0.3829120397567749,0.21630859375,0.9546397924423218,-13.285463190078735,0.0003,0.02526951,79.63208036422729,0.2,31.282058715820312,635,-0.04321916550397873
189.593838615975,79.35,3959,129,264192,66,0.38294515013694763,0.1935546875,0.9548274874687195,-13.287341165542603,0.0003,0.021027781,81.79600162506104,0.2,39.87184143066406,640,-0.04152756681723986
191.96881602724218,80.03,3957,130,266240,67,0.3830443322658539,0.2732421875,0.967258870601654,-13.29120454788208,0.0003,0.03116697,56.42886867523193,0.2,27.964582443237305,645,-0.051644788170233366
192.04522503570374,79.79,3957,131,268288,67,0.3831574022769928,0.223046875,0.9609699845314026,-13.299983239173889,0.0003,0.026590055,73.60273818969726,0.2,35.650028228759766,650,-0.05009946230566129
194.77712326351156,80.31,3956,132,270336,68,0.3833045959472656,0.23984375,0.9670237898826599,-13.309801626205445,0.0003,0.025342438,64.26684598922729,0.2,26.650413513183594,655,-0.047335792682133615
189.9311036315409,79.03,3954,133,272384,68,0.38334617018699646,0.23681640625,0.9556931257247925,-13.317911195755006,0.0003,0.026537511,87.67922592163086,0.2,39.98528289794922,660,-0.04809322664514184
189.24588416383835,79.14,3953,134,274432,69,0.38345810770988464,0.19794921875,0.9483392238616943,-13.3215176820755,0.0003,0.022370106,94.30771808624267,0.2,49.3011360168457,665,-0.04442582508781925
185.32643578211366,78.04,3953,135,276480,69,0.38344743847846985,0.22626953125,0.9632232785224915,-13.326816153526305,0.0003,0.026725922,71.77499198913574,0.2,33.55870056152344,670,-0.04890714951325208
181.5391494116024,76.97,3952,136,278528,70,0.38337260484695435,0.26103515625,0.9605004191398621,-13.323902583122253,0.0003,0.027196677,70.31222867965698,0.2,34.638484954833984,675,-0.050999742839485405
182.46921264081192,77.1,3949,137,280576,71,0.38340917229652405,0.2064453125,0.9523510932922363,-13.322129249572754,0.0003,0.025447225,77.8509627342224,0.2,26.811134338378906,680,-0.0460297373123467
188.13714884021763,78.37,3942,138,282624,71,0.38348472118377686,0.20751953125,0.9490906000137329,-13.325851321220398,0.0003,0.025948571,84.83209953308105,0.2,38.928592681884766,685,-0.044113462883979083
195.28413284644984,80.92,3942,139,284672,72,0.3835417628288269,0.2322265625,0.9511117935180664,-13.331809806823731,0.0003,0.023939341,87.64302978515624,0.2,40.32207489013672,690,-0.044599385268520565
198.92910848095627,81.94,3943,140,286720,72,0.38365405797958374,0.2189453125,0.9456132650375366,-13.337792038917542,0.0003,0.024121355,111.36722221374512,0.2,48.17473220825195,695,-0.045156803098507226
203.11186219657537,83.41,3943,141,288768,73,0.38372889161109924,0.21015625,0.9517017006874084,-13.34454836845398,0.0003,0.02363062,114.32803173065186,0.2,52.91513442993164,700,-0.045976360503118485
205.81598899512534,84.8,3943,142,290816,73,0.3837016522884369,0.2060546875,0.9511772990226746,-13.347503805160523,0.0003,0.024610542,101.73685455322266,0.2,42.80662536621094,705,-0.04480394419515506
202.8787528319886,83.71,3939,143,292864,74,0.38383999466896057,0.228515625,0.9568349123001099,-13.349534845352172,0.0003,0.026438065,86.39679718017578,0.2,40.7138671875,710,-0.047756347339600325
203.93967608004394,84.16,3941,144,294912,74,0.38394895195961,0.26513671875,0.9671633839607239,-13.361851286888122,0.0003,0.028390825,68.09251842498779,0.2,32.002288818359375,715,-0.047863248246721925
202.1908661358718,83.71,3937,145,296960,75,0.3840573728084564,0.21904296875,0.9513040781021118,-13.368930888175964,0.0003,0.024733316,95.99548301696777,0.2,46.99812316894531,720,-0.04604271773714572
202.6932396977327,83.85,3936,146,299008,75,0.3841027319431305,0.2720703125,0.9590511918067932,-13.37527825832367,0.0003,0.026558131,83.16815567016602,0.2,40.73187255859375,725,-0.04924638804513961
206.37258500111756,85.37,3933,147,301056,76,0.3841400742530823,0.22431640625,0.9524772763252258,-13.377503705024719,0.0003,0.025527,102.20910053253174,0.2,36.845542907714844,730,-0.04664588831365109
215.64965366496662,89.03,3930,148,303104,77,0.38409551978111267,0.22861328125,0.9474481344223022,-13.377362608909607,0.0003,0.024590354,114.8918243408203,0.2,53.38432312011719,735,-0.04929513453971594
216.99517268593797,89.34,3927,149,305152,77,0.384129136800766,0.2431640625,0.960681140422821,-13.377359008789062,0.0003,0.024197359,88.34647817611695,0.2,42.63127136230469,740,-0.047102904121857136
216.46043661972925,89.03,3923,150,307200,78,0.3839784264564514,0.2455078125,0.9549928903579712,-13.373155665397643,0.0003,0.027165234,98.00101280212402,0.2,39.70463562011719,745,-0.0459642311790958
209.05909134024375,86.55,3911,151,309248,79,0.3839118182659149,0.1798828125,0.9300252199172974,-13.36364014148712,0.0003,0.022046093,139.2106777191162,0.2,73.8246078491211,750,-0.040782992052845655
202.36256069381997,84.19,3907,152,311296,79,0.38396593928337097,0.2216796875,0.930608332157135,-13.363490557670593,0.0003,0.022996867,136.61319370269774,0.2,72.57147216796875,755,-0.04407987343147397
202.08727234765377,84.18,3903,153,313344,80,0.3839878737926483,0.277734375,0.9511640667915344,-13.3666428565979,0.0003,0.0315945,96.9388038635254,0.2,38.338592529296875,760,-0.05255666027078405
203.98082154118146,85.08,3890,154,315392,81,0.3839668035507202,0.164453125,0.923377513885498,-13.366162204742432,0.0003,0.01873159,145.54665546417237,0.2,71.63157653808594,765,-0.03837464351672679
204.10636464730914,84.89,3888,155,317440,81,0.3840160667896271,0.21181640625,0.9450645446777344,-13.366796398162842,0.0003,0.022906914,114.15173988342285,0.2,54.66809844970703,770,-0.045314009813591835
214.41312533332464,88.45,3887,156,319488,82,0.38401010632514954,0.22802734375,0.9554169774055481,-13.36928768157959,0.0003,0.0272463,106.27073917388915,0.2,54.464019775390625,775,-0.04853431486990303
214.9852649717938,89.12,3887,157,321536,82,0.3841494619846344,0.22412109375,0.9293463230133057,-13.373255634307862,0.0003,0.025994238,160.28674850463867,0.2,66.8197021484375,780,-0.04781141909770668
213.48909532360187,88.94,3887,158,323584,83,0.38424408435821533,0.21474609375,0.9545178413391113,-13.381955432891846,0.0003,0.026243089,95.38595962524414,0.2,35.22384262084961,785,-0.043749968253541736
211.77268709037295,89.03,3886,159,325632,83,0.384260892868042,0.1998046875,0.9426919221878052,-13.387006807327271,0.0003,0.0250114,113.42974300384522,0.2,41.63367462158203,790,-0.045056010986445474
215.56866956640678,90.68,3886,160,327680,84,0.38427603244781494,0.25263671875,0.9531959891319275,-13.388938879966735,0.0003,0.028340349,103.61298160552978,0.2,48.65715789794922,795,-0.048771767877042294
215.91410081079826,90.8,3886,161,329728,84,0.3844486176967621,0.24169921875,0.9493975639343262,-13.395333170890808,0.0003,0.025089722,94.68198146820069,0.2,46.54410934448242,800,-0.049304993357509375
215.6249584615378,90.35,3886,162,331776,85,0.38447609543800354,0.27529296875,0.9569820761680603,-13.404618263244629,0.0003,0.031407658,95.41312294006347,0.2,36.32457733154297,805,-0.052206646162085237
223.2968076985428,92.7,3886,163,333824,85,0.38447582721710205,0.19560546875,0.9421395659446716,-13.404664945602416,0.0003,0.022046499,136.72450466156005,0.2,59.425865173339844,810,-0.0445814153412357
220.7524882072742,91.3,3886,164,335872,86,0.38465753197669983,0.2134765625,0.9440114498138428,-13.411426758766174,0.0003,0.025469199,131.76800956726075,0.2,53.50478744506836,815,-0.0454145455150865
223.446159605583,91.84,3887,165,337920,86,0.38470637798309326,0.23037109375,0.9411208629608154,-13.42044801712036,0.0003,0.025500353,125.07834529876709,0.2,53.76945877075195,820,-0.04744058346841484
230.9197897459235,94.5,3886,166,339968,87,0.3846304714679718,0.2248046875,0.9494584798812866,-13.419481658935547,0.0003,0.024987273,105.38053588867187,0.2,55.88694381713867,825,-0.04619936454109848
224.91646647240913,92.57,3886,167,342016,87,0.38470467925071716,0.226171875,0.9418988823890686,-13.418353533744812,0.0003,0.026036743,150.52168197631835,0.2,82.62838745117188,830,-0.047795888409018515
225.25332692821428,92.8,3886,168,344064,88,0.38480862975120544,0.228515625,0.9333102703094482,-13.425975656509399,0.0003,0.0253657,156.10591621398925,0.2,70.42974853515625,835,-0.04727849049959332
221.76574818675306,91.98,3886,169,346112,89,0.38487136363983154,0.198828125,0.9325058460235596,-13.431399178504943,0.0003,0.023489662,157.3084913253784,0.2,64.02099609375,840,-0.04344955799169838
217.81615592866876,90.8,3886,170,348160,89,0.38490432500839233,0.28232421875,0.9582396149635315,-13.43599796295166,0.0003,0.030132651,107.93115425109863,0.2,57.9803466796875,845,-0.05166629333980381
226.93962733207405,94.02,3886,171,350208,90,0.38488471508026123,0.2271484375,0.9412096738815308,-13.436172723770142,0.0003,0.024992354,161.07250919342042,0.2,80.48565673828125,850,-0.0469798261183314
229.86543039130618,94.81,3885,172,352256,90,0.3847973644733429,0.2318359375,0.9409533739089966,-13.431368088722229,0.0003,0.025128894,151.59130897521973,0.2,65.01090240478516,855,-0.0483570022508502
228.13052967334156,94.17,3885,173,354304,91,0.38475993275642395,0.25400390625,0.9351199269294739,-13.426341032981872,0.0003,0.025232613,163.27208919525145,0.2,66.8629150390625,860,-0.047616829979233444
229.25051625836923,94.56,3885,174,356352,91,0.3846166431903839,0.232421875,0.9545208811759949,-13.420328283309937,0.0003,0.026250843,124.8009370803833,0.2,56.35762023925781,865,-0.04944589640945196
231.46025698715476,94.55,3885,175,358400,92,0.3845910131931305,0.2033203125,0.9340740442276001,-13.413541889190673,0.0003,0.023635648,148.44555625915527,0.2,65.81019592285156,870,-0.044591271958779544
224.0240178945315,92.05,3885,176,360448,92,0.3848448097705841,0.28837890625,0.9460122585296631,-13.419936728477477,0.0003,0.029914,125.67831687927246,0.2,56.97138595581055,875,-0.04894399859476835
222.66583085659454,91.85,3884,177,362496,93,0.38485100865364075,0.25888671875,0.9454845190048218,-13.431630659103394,0.0003,0.030262101,124.07481689453125,0.2,57.21600341796875,880,-0.05241927378810942
221.19085788577976,91.28,3884,178,364544,93,0.3849675953388214,0.25859375,0.9391114115715027,-13.43482449054718,0.0003,0.027934002,134.01727752685548,0.2,60.39434051513672,885,-0.050120988371782006
216.4518974854804,89.58,3883,179,366592,94,0.38495466113090515,0.2271484375,0.9464790225028992,-13.440452456474304,0.0003,0.027595319,124.43275146484375,0.2,65.43295288085938,890,-0.04779346224386245
221.75555271679605,91.36,3883,180,368640,94,0.3849099278450012,0.27919921875,0.9472224116325378,-13.436963653564453,0.0003,0.029896507,119.31104164123535,0.2,61.79194641113281,895,-0.05442897598259151
227.15866527543275,92.95,3883,181,370688,95,0.3850977122783661,0.2189453125,0.9365613460540771,-13.440583658218383,0.0003,0.02414355,151.60758724212647,0.2,65.97152709960938,900,-0.04327519767684862
235.62253629287014,96.11,3883,182,372736,95,0.38515740633010864,0.27958984375,0.9502092599868774,-13.452722787857056,0.0003,0.03241236,122.58634757995605,0.2,54.05051803588867,905,-0.051769465347751974
232.60629770365628,95.17,3883,183,374784,96,0.3852114975452423,0.24521484375,0.939974308013916,-13.455628252029419,0.0003,0.027016072,150.29099788665772,0.2,61.16436767578125,910,-0.04764772755443118
232.5442288570243,95.45,3883,184,376832,97,0.38531258702278137,0.22314453125,0.9207848906517029,-13.46184151172638,0.0003,0.024014313,221.50806732177733,0.2,95.93461608886719,915,-0.04670736834523268
236.54610464321732,96.74,3882,185,378880,97,0.38530904054641724,0.23603515625,0.9302065372467041,-13.465189266204835,0.0003,0.026667213,178.9476930618286,0.2,82.86386108398438,920,-0.04833123830612749
235.24836026987512,96.41,3876,186,380928,98,0.3854370415210724,0.1826171875,0.9279845952987671,-13.469145393371582,0.0003,0.022834195,175.5251495361328,0.2,85.31983947753906,925,-0.0404457769356668
240.77805910005932,97.73,3875,187,382976,98,0.38548967242240906,0.20205078125,0.9352288842201233,-13.47763032913208,0.0003,0.023724068,164.94134025573732,0.2,71.21590423583984,930,-0.0434684312203899
246.1999993766038,99.38,3875,188,385024,99,0.38562896847724915,0.23896484375,0.9304760694503784,-13.483189129829407,0.0003,0.024330113,174.11771621704102,0.2,74.58780670166016,935,-0.043856276338919996
250.96865378673613,100.64,3874,189,387072,99,0.3855348229408264,0.2125,0.9392118453979492,-13.486158084869384,0.0003,0.024770614,182.3851448059082,0.2,67.11663818359375,940,-0.044711960735730825
256.2272525727715,102.6,3874,190,389120,100,0.385483056306839,0.1849609375,0.9247492551803589,-13.479020285606385,0.0003,0.01918567,195.12665023803712,0.2,99.54021453857422,945,-0.043164929759223016
260.0678144740829,103.95,3874,191,391168,100,0.38543573021888733,0.21357421875,0.9453589916229248,-13.474293303489684,0.0003,0.023091065,167.70823001861572,0.2,62.48615264892578,950,-0.04723915773211047
266.9697879781137,106.31,3874,192,393216,101,0.38532260060310364,0.21962890625,0.9320756196975708,-13.47081754207611,0.0003,0.022631612,198.57891349792482,0.2,85.69092559814453,955,-0.04277486698701978
263.997734762828,105.56,3874,193,395264,102,0.3851221799850464,0.191796875,0.9239716529846191,-13.457388854026794,0.0003,0.021370936,195.7303779602051,0.2,86.59207916259766,960,-0.041934266383759675
266.68568508048253,106.35,3873,194,397312,102,0.385090172290802,0.18505859375,0.930507242679596,-13.448231029510499,0.0003,0.019244596,220.88226432800292,0.2,92.28742218017578,965,-0.038691675080917774
271.1450845428779,108.21,3872,195,399360,103,0.38520389795303345,0.23154296875,0.9227355718612671,-13.450723123550414,0.0003,0.024978492,201.95496978759766,0.2,91.15394592285156,970,-0.050214685034006834
260.57591993530036,104.72,3872,196,401408,103,0.38528767228126526,0.204296875,0.9249305129051208,-13.459702563285827,0.0003,0.021360138,216.82082443237306,0.2,116.35591888427734,975,-0.0420347347506322
251.38981265068296,101.9,3865,197,403456,104,0.3853123188018799,0.2474609375,0.939098060131073,-13.463511896133422,0.0003,0.02778694,185.48872184753418,0.2,94.60094451904297,980,-0.04872611807659268
257.57923118883247,103.92,3861,198,405504,105,0.3853248357772827,0.20791015625,0.9264611005783081,-13.465037655830383,0.0003,0.022462815,208.25934410095215,0.2,91.8334732055664,985,-0.04473803677828982
254.92245590603216,103.06,3857,199,407552,105,0.38529717922210693,0.242578125,0.9400193095207214,-13.463825941085815,0.0003,0.026282832,170.55354671478273,0.2,75.90037536621094,990,-0.047935140872141346
244.23661384389962,99.37,3856,200,409600,106,0.38531628251075745,0.21962890625,0.9303891062736511,-13.461983489990235,0.0003,0.023237074,195.62017478942872,0.2,102.36827850341797,995,-0.0422787340299692
251.94077465005904,101.31,3855,201,411648,106,0.3854544460773468,0.2494140625,0.9213374853134155,-13.46845464706421,0.0003,0.026340794,244.00218544006347,0.2,108.83370971679688,1000,-0.048349114949814975
256.5567377749192,103.19,3855,202,413696,107,0.385410875082016,0.2333984375,0.9313554167747498,-13.472713136672974,0.0003,0.024538439,202.68378295898438,0.2,84.56471252441406,1005,-0.045998989255167544
259.9593749011033,104.46,3855,203,415744,107,0.38526517152786255,0.19970703125,0.9136736989021301,-13.466216421127319,0.0003,0.021769635,232.4931911468506,0.2,116.452880859375,1010,-0.04435471158940345
264.4973386229269,106.2,3855,204,417792,108,0.3853189945220947,0.27861328125,0.9429221153259277,-13.458984017372131,0.0003,0.029606804,179.86803169250487,0.2,67.01677703857422,1015,-0.04601707988185808
267.3845071145281,107.56,3855,205,419840,108,0.385636568069458,0.270703125,0.9523900747299194,-13.473548412322998,0.0003,0.029019943,148.35241775512696,0.2,68.83506774902344,1020,-0.047535292513202876
263.60599539216213,106.48,3855,206,421888,109,0.38577309250831604,0.239453125,0.9329878091812134,-13.493101572990417,0.0003,0.028612915,185.38411178588868,0.2,74.51451873779297,1025,-0.04802273770328611
273.48990429341654,109.48,3855,207,423936,109,0.3858276903629303,0.240625,0.9378929138183594,-13.497157907485962,0.0003,0.02519565,199.26316604614257,0.2,105.61646270751953,1030,-0.04253904731012881
288.0748588733294,114.2,3856,208,425984,110,0.38590073585510254,0.21259765625,0.9194325804710388,-13.503289222717285,0.0003,0.023390811,228.11980705261232,0.2,104.3707275390625,1035,-0.04429815853945911
277.5159207191496,110.92,3856,209,428032,110,0.3859674334526062,0.242578125,0.9343985319137573,-13.508753108978272,0.0003,0.030253472,183.66331481933594,0.2,79.87955474853516,1040,-0.04127056800061837
286.1038501159026,113.56,3856,210,430080,111,0.386168509721756,0.22080078125,0.9179742932319641,-13.517558193206787,0.0003,0.024564672,222.5042018890381,0.2,84.30931854248047,1045,-0.04341330082388595
289.4061183787293,114.34,3856,211,432128,112,0.3862817585468292,0.23974609375,0.932702898979187,-13.53144974708557,0.0003,0.02540091,186.5270610809326,0.2,78.92638397216797,1050,-0.04596797050908208
294.8565483262968,116.18,3856,212,434176,112,0.3862191438674927,0.21318359375,0.9293304085731506,-13.533105850219727,0.0003,0.022336744,233.43892135620118,0.2,92.50366973876953,1055,-0.04129008478485048
290.6655494925272,115.11,3856,213,436224,113,0.38627859950065613,0.22744140625,0.9011783599853516,-13.530598187446595,0.0003,0.02278258,297.08842887878416,0.2,139.92198181152344,1060,-0.046123431751038876
284.95866118601634,112.84,3856,214,438272,113,0.38638070225715637,0.2458984375,0.9177888631820679,-13.537181162834168,0.0003,0.02455476,250.63832359313966,0.2,76.62972259521484,1065,-0.04700524678919464
279.32563557431547,111.06,3856,215,440320,114,0.38636600971221924,0.1978515625,0.9186680316925049,-13.541340565681457,0.0003,0.019231174,228.9615550994873,0.2,87.6927719116211,1070,-0.039344009733758865
271.69529970022194,108.85,3856,216,442368,114,0.3863597810268402,0.2658203125,0.9261114001274109,-13.537984228134155,0.0003,0.029210772,232.9782699584961,0.2,121.39148712158203,1075,-0.050593970553018154
265.46826307928654,106.87,3856,217,444416,115,0.3865319490432739,0.22685546875,0.91233229637146,-13.545073294639588,0.0003,0.023034362,254.99340896606446,0.2,104.04602813720703,1080,-0.041689363704062996
265.11535217675294,106.73,3857,218,446464,115,0.38658827543258667,0.2509765625,0.9356348514556885,-13.553048157691956,0.0003,0.02750181,215.59707984924316,0.2,129.6343231201172,1085,-0.050870898622088136
268.4913913653745,108.02,3857,219,448512,116,0.38669976592063904,0.235546875,0.9205422401428223,-13.558807301521302,0.0003,0.024520017,254.41563262939454,0.2,107.63114166259766,1090,-0.045843062456697226
265.4122447331764,106.66,3857,220,450560,116,0.3868088126182556,0.25712890625,0.9347469210624695,-13.567924904823304,0.0003,0.027617376,243.33693046569823,0.2,116.30252075195312,1095,-0.04713969054282643
275.83649382754624,110.17,3857,221,452608,117,0.3868379592895508,0.237109375,0.9202036261558533,-13.57490303516388,0.0003,0.024784572,257.7513126373291,0.2,114.23787689208984,1100,-0.0415213419822976
280.63010395203446,111.33,3857,222,454656,117,0.38685280084609985,0.26240234375,0.9393231868743896,-13.574744963645935,0.0003,0.02997388,183.08970985412597,0.2,73.12052917480469,1105,-0.04743873341940343
281.5988101451169,111.64,3857,223,456704,118,0.3870874345302582,0.302734375,0.9270763993263245,-13.58508050441742,0.0003,0.029509135,242.23163070678712,0.2,111.55341339111328,1110,-0.04864235604181886
283.63219417772655,112.07,3856,224,458752,118,0.38707736134529114,0.23515625,0.9305088520050049,-13.595053601264954,0.0003,0.026943635,218.13785362243652,0.2,102.2947769165039,1115,-0.045953693729825315
291.4782829304849,115.0,3856,225,460800,119,0.38712912797927856,0.2255859375,0.9189903140068054,-13.595071458816529,0.0003,0.024029966,272.8689250946045,0.2,119.90931701660156,1120,-0.04400648414157331
299.4774147365308,117.92,3856,226,462848,120,0.3871086835861206,0.26240234375,0.9183018803596497,-13.595666980743408,0.0003,0.028223656,262.38817901611327,0.2,113.75836181640625,1125,-0.047172877355478704
292.18199927374985,116.2,3857,227,464896,120,0.38735783100128174,0.26162109375,0.924156129360199,-13.603767895698548,0.0003,0.027110953,239.37103385925292,0.2,126.18026733398438,1130,-0.04623222842346877
291.66129639388697,116.45,3857,228,466944,121,0.38745352625846863,0.21337890625,0.9258458614349365,-13.618777132034301,0.0003,0.024558526,269.0177425384521,0.2,127.78910827636719,1135,-0.03947142441757023
287.55826176254055,115.24,3857,229,468992,121,0.3875470757484436,0.29169921875,0.9358325004577637,-13.623372006416322,0.0003,0.029275652,219.1284393310547,0.2,94.56414794921875,1140,-0.04961107615381479
289.3234945602547,116.22,3857,230,471040,122,0.38770201802253723,0.2345703125,0.9321935176849365,-13.63504662513733,0.0003,0.02469526,210.30969886779786,0.2,87.32359313964844,1145,-0.043986014160327616
287.23285727693235,115.56,3857,231,473088,122,0.38776275515556335,0.27216796875,0.9224607348442078,-13.641093301773072,0.0003,0.029536031,242.6409641265869,0.2,99.7979965209961,1150,-0.04732277316506952
289.90727153793944,116.54,3857,232,475136,123,0.3877907395362854,0.28515625,0.9365053772926331,-13.644131708145142,0.0003,0.02934735,220.38953857421876,0.2,94.62545013427734,1155,-0.05019156548660249
294.3521213794414,117.47,3857,233,477184,123,0.3878888189792633,0.26884765625,0.9313673377037048,-13.65149233341217,0.0003,0.03554533,231.85191116333007,0.2,87.97704315185547,1160,-0.04901449608150869
296.43022812152793,118.33,3857,234,479232,124,0.38814786076545715,0.24912109375,0.9371957182884216,-13.663729333877564,0.0003,0.029381827,228.24194526672363,0.2,96.636962890625,1165,-0.044451973680406806
305.0124637798941,121.61,3857,235,481280,124,0.38825640082359314,0.25,0.8967899680137634,-13.679878211021423,0.0003,0.026148206,306.3980346679688,0.2,154.5082550048828,1170,-0.04368048115866259
299.8817124404144,120.02,3858,236,483328,125,0.3882976472377777,0.1974609375,0.9072074890136719,-13.683025741577149,0.0003,0.022671424,318.5077533721924,0.2,123.07862854003906,1175,-0.039466219232417644
294.50803355309955,118.38,3857,237,485376,125,0.38856765627861023,0.24462890625,0.9174056053161621,-13.694814300537109,0.0003,0.03187085,252.80879173278808,0.2,118.28974151611328,1180,-0.044311213213950394
296.79329851705114,119.26,3858,238,487424,126,0.3887706696987152,0.2736328125,0.9417527914047241,-13.710896801948547,0.0003,0.030927934,212.9052043914795,0.2,104.49430847167969,1185,-0.048931612266460436
294.656918291495,117.97,3858,239,489472,126,0.3889014720916748,0.276171875,0.9209497570991516,-13.723750829696655,0.0003,0.031557355,244.13144073486328,0.2,94.92822265625,1190,-0.04881718053948134
287.7615582970432,115.43,3858,240,491520,127,0.3889099657535553,0.28525390625,0.9103400707244873,-13.73081111907959,0.0003,0.030753087,273.2808490753174,0.2,108.1713638305664,1195,-0.048577119247056544
287.5307059371212,115.41,3858,241,493568,127,0.388916939496994,0.34169921875,0.954267144203186,-13.732510900497436,0.0003,0.039371863,169.31361656188966,0.2,76.19673156738281,1200,-0.0533675228478387
296.8167560337104,118.15,3858,242,495616,128,0.3889968991279602,0.26318359375,0.8902740478515625,-13.734730458259582,0.0003,0.028202485,274.820178604126,0.2,135.6844940185547,1205,-0.046799896412994715
298.43287965967124,118.45,3859,243,497664,128,0.38900983333587646,0.36474609375,0.9659437537193298,-13.737470769882203,0.0003,0.045313857,127.43007678985596,0.2,62.5787239074707,1210,-0.05116015693638474
305.84385874004215,120.69,3859,244,499712,129,0.3890402019023895,0.28857421875,0.9191824197769165,-13.739111518859863,0.0003,0.033012256,216.746529006958,0.2,90.16885375976562,1215,-0.04837153027765453
304.42206055678133,120.66,3859,245,501760,130,0.38929620385169983,0.26796875,0.9280555248260498,-13.750903630256653,0.0003,0.030202173,238.29186248779297,0.2,130.046630859375,1220,-0.04652304425835609
310.92955658966366,122.42,3859,246,503808,130,0.38959628343582153,0.30166015625,0.9302757978439331,-13.770681643486023,0.0003,0.031415455,223.66937141418458,0.2,102.22903442382812,1225,-0.048313503991812466
309.1302686990677,121.42,3859,247,505856,131,0.3898301422595978,0.32158203125,0.921572744846344,-13.793084144592285,0.0003,0.035373326,265.45725708007814,0.2,118.68502807617188,1230,-0.04803231060504913
309.2776078182036,121.02,3859,248,507904,131,0.38998380303382874,0.2765625,0.9300229549407959,-13.808255767822265,0.0003,0.029479943,241.7809871673584,0.2,101.69574737548828,1235,-0.04533078037202358
310.69287957567815,121.33,3859,249,509952,132,0.39002519845962524,0.21630859375,0.8708291053771973,-13.814152264595032,0.0003,0.02432423,295.36668891906737,0.2,146.6402587890625,1240,-0.04147563853766769
302.2886809787662,118.89,3859,250,512000,132,0.39006859064102173,0.2970703125,0.9362338781356812,-13.818283605575562,0.0003,0.03462883,183.20891151428222,0.2,71.30668640136719,1245,-0.048040648153983054
306.9647946381959,120.44,3860,251,514048,133,0.39011678099632263,0.25244140625,0.9199503660202026,-13.81950364112854,0.0003,0.028363243,269.30370674133303,0.2,101.52923583984375,1250,-0.04490261496976018
309.325992942845,121.6,3860,252,516096,133,0.3901591897010803,0.3185546875,0.9208217263221741,-13.823967266082764,0.0003,0.035176657,227.85985984802247,0.2,100.22491455078125,1255,-0.04933172222226858
314.8471984089927,123.57,3860,253,518144,134,0.3903348743915558,0.24970703125,0.9181797504425049,-13.831204652786255,0.0003,0.027560588,262.5734745025635,0.2,123.86204528808594,1260,-0.043710852519143376
314.01213935125213,123.62,3860,254,520192,134,0.39035502076148987,0.308203125,0.9363688826560974,-13.840769147872924,0.0003,0.032866158,211.91666660308837,0.2,96.1424560546875,1265,-0.046854530705604705
320.3912197343077,125.63,3860,255,522240,135,0.3906310498714447,0.259375,0.9147204160690308,-13.849537348747253,0.0003,0.031626023,240.26146087646484,0.2,116.73550415039062,1270,-0.04580757401417941
322.920498519063,126.19,3860,256,524288,135,0.39056211709976196,0.24111328125,0.8854461908340454,-13.860369777679443,0.0003,0.026780818,280.7835014343262,0.2,117.03483581542969,1275,-0.0419283207913395
